transect_id,date,scene_id,distance_m
0,2017-05-21,S2A_MSIL2A_20170521T100031_N0500_R122_T31NFH_20230908T033050,
0,2018-01-01,S2B_MSIL2A_20180101T100409_N0500_R122_T31NEH_20230904T020713,
0,2018-01-06,S2A_MSIL2A_20180106T100401_N0500_R122_T31NEH_20230802T011345,
0,2019-01-06,S2B_MSIL2A_20190106T100409_N0500_R122_T31NEH_20221202T051220,106.2838030591627
0,2020-01-26,S2A_MSIL2A_20200126T100321_N0500_R122_T31NEH_20230429T154603,126.22507971461908
0,2021-01-20,S2A_MSIL2A_20210120T100331_N0500_R122_T31NEH_20230603T115026,86.17254922858825
0,2021-12-21,S2B_MSIL2A_20211221T100329_N0500_R122_T31NEH_20221226T132339,
0,2022-12-26,S2B_MSIL2A_20221226T100329_N0510_R122_T31NEH_20240803T090404,106.21113067925496
0,2023-01-10,S2A_MSIL2A_20230110T100401_N0510_R122_T31NEH_20240810T212703,
0,2024-12-20,S2A_MSIL2A_20241220T100431_N0511_R122_T31NEH_20241220T144159,86.28772521797157
0,2025-01-24,S2B_MSIL2A_20250124T100219_N0511_R022_T31NEH_20250124T125425,106.11626520461196
1,2017-05-21,S2A_MSIL2A_20170521T100031_N0500_R122_T31NFH_20230908T033050,
1,2018-01-01,S2B_MSIL2A_20180101T100409_N0500_R122_T31NEH_20230904T020713,102.01519854614068
1,2018-01-06,S2A_MSIL2A_20180106T100401_N0500_R122_T31NEH_20230802T011345,86.16786403700314
1,2019-01-06,S2B_MSIL2A_20190106T100409_N0500_R122_T31NEH_20221202T051220,101.11817922868524
1,2020-01-26,S2A_MSIL2A_20200126T100321_N0500_R122_T31NEH_20230429T154603,118.07051515049812
1,2021-01-20,S2A_MSIL2A_20210120T100331_N0500_R122_T31NEH_20230603T115026,75.54532599504999
1,2021-12-21,S2B_MSIL2A_20211221T100329_N0500_R122_T31NEH_20221226T132339,
1,2022-12-26,S2B_MSIL2A_20221226T100329_N0510_R122_T31NEH_20240803T090404,97.42475269407373
1,2023-01-10,S2A_MSIL2A_20230110T100401_N0510_R122_T31NEH_20240810T212703,
1,2024-12-20,S2A_MSIL2A_20241220T100431_N0511_R122_T31NEH_20241220T144159,81.35723969163418
1,2025-01-24,S2B_MSIL2A_20250124T100219_N0511_R022_T31NEH_20250124T125425,92.60429713226712
2,2017-05-21,S2A_MSIL2A_20170521T100031_N0500_R122_T31NFH_20230908T033050,
2,2018-01-01,S2B_MSIL2A_20180101T100409_N0500_R122_T31NEH_20230904T020713,102.9424541170765
2,2018-01-06,S2A_MSIL2A_20180106T100401_N0500_R122_T31NEH_20230802T011345,91.33120770561848
2,2019-01-06,S2B_MSIL2A_20190106T100409_N0500_R122_T31NEH_20221202T051220,101.33221247997649
2,2020-01-26,S2A_MSIL2A_20200126T100321_N0500_R122_T31NEH_20230429T154603,115.298432580854
2,2021-01-20,S2A_MSIL2A_20210120T100331_N0500_R122_T31NEH_20230603T115026,70.29655112768431
2,2021-12-21,S2B_MSIL2A_20211221T100329_N0500_R122_T31NEH_20221226T132339,
2,2022-12-26,S2B_MSIL2A_20221226T100329_N0510_R122_T31NEH_20240803T090404,94.01865325178727
2,2023-01-10,S2A_MSIL2A_20230110T100401_N0510_R122_T31NEH_20240810T212703,
2,2024-12-20,S2A_MSIL2A_20241220T100431_N0511_R122_T31NEH_20241220T144159,81.80421189341017
2,2025-01-24,S2B_MSIL2A_20250124T100219_N0511_R022_T31NEH_20250124T125425,84.4749266439485
3,2017-05-21,S2A_MSIL2A_20170521T100031_N0500_R122_T31NFH_20230908T033050,
3,2018-01-01,S2B_MSIL2A_20180101T100409_N0500_R122_T31NEH_20230904T020713,108.47494219571394
3,2018-01-06,S2A_MSIL2A_20180106T100401_N0500_R122_T31NEH_20230802T011345,101.10090229150784
3,2019-01-06,S2B_MSIL2A_20190106T100409_N0500_R122_T31NEH_20221202T051220,106.15119682791973
3,2020-01-26,S2A_MSIL2A_20200126T100321_N0500_R122_T31NEH_20230429T154603,117.13204621022759
3,2021-01-20,S2A_MSIL2A_20210120T100331_N0500_R122_T31NEH_20230603T115026,69.64997826367292
3,2021-12-21,S2B_MSIL2A_20211221T100329_N0500_R122_T31NEH_20221226T132339,
3,2022-12-26,S2B_MSIL2A_20221226T100329_N0510_R122_T31NEH_20240803T090404,95.21660164003377
3,2023-01-10,S2A_MSIL2A_20230110T100401_N0510_R122_T31NEH_20240810T212703,
3,2024-12-20,S2A_MSIL2A_20241220T100431_N0511_R122_T31NEH_20241220T144159,86.85485476325829
3,2025-01-24,S2B_MSIL2A_20250124T100219_N0511_R022_T31NEH_20250124T125425,80.94959997296309
4,2017-05-21,S2A_MSIL2A_20170521T100031_N0500_R122_T31NFH_20230908T033050,
4,2018-01-01,S2B_MSIL2A_20180101T100409_N0500_R122_T31NEH_20230904T020713,117.89585702099596
4,2018-01-06,S2A_MSIL2A_20180106T100401_N0500_R122_T31NEH_20230802T011345,98.92720728158363
4,2019-01-06,S2B_MSIL2A_20190106T100409_N0500_R122_T31NEH_20221202T051220,114.85821507448888
4,2020-01-26,S2A_MSIL2A_20200126T100321_N0500_R122_T31NEH_20230429T154603,122.85319168338002
4,2021-01-20,S2A_MSIL2A_20210120T100331_N0500_R122_T31NEH_20230603T115026,72.88820174686184
4,2021-12-21,S2B_MSIL2A_20211221T100329_N0500_R122_T31NEH_20221226T132339,110.91818053347863
4,2022-12-26,S2B_MSIL2A_20221226T100329_N0510_R122_T31NEH_20240803T090404,100.3009622189437
4,2023-01-10,S2A_MSIL2A_20230110T100401_N0510_R122_T31NEH_20240810T212703,150.79077562679933
4,2024-12-20,S2A_MSIL2A_20241220T100431_N0511_R122_T31NEH_20241220T144159,95.79295195794055
4,2025-01-24,S2B_MSIL2A_20250124T100219_N0511_R022_T31NEH_20250124T125425,81.30943119848504
5,2017-05-21,S2A_MSIL2A_20170521T100031_N0500_R122_T31NFH_20230908T033050,
5,2018-01-01,S2B_MSIL2A_20180101T100409_N0500_R122_T31NEH_20230904T020713,124.35173729046313
5,2018-01-06,S2A_MSIL2A_20180106T100401_N0500_R122_T31NEH_20230802T011345,91.81300662910049
5,2019-01-06,S2B_MSIL2A_20190106T100409_N0500_R122_T31NEH_20221202T051220,108.41188081057372
5,2020-01-26,S2A_MSIL2A_20200126T100321_N0500_R122_T31NEH_20230429T154603,131.78884819066425
5,2021-01-20,S2A_MSIL2A_20210120T100331_N0500_R122_T31NEH_20230603T115026,79.3391000835012
5,2021-12-21,S2B_MSIL2A_20211221T100329_N0500_R122_T31NEH_20221226T132339,106.48024374295056
5,2022-12-26,S2B_MSIL2A_20221226T100329_N0510_R122_T31NEH_20240803T090404,108.59921051122234
5,2023-01-10,S2A_MSIL2A_20230110T100401_N0510_R122_T31NEH_20240810T212703,145.06721557175206
5,2024-12-20,S2A_MSIL2A_20241220T100431_N0511_R122_T31NEH_20241220T144159,94.74230668878619
5,2025-01-24,S2B_MSIL2A_20250124T100219_N0511_R022_T31NEH_20250124T125425,84.88145611927503
6,2017-05-21,S2A_MSIL2A_20170521T100031_N0500_R122_T31NFH_20230908T033050,
6,2018-01-01,S2B_MSIL2A_20180101T100409_N0500_R122_T31NEH_20230904T020713,115.88596876162192
6,2018-01-06,S2A_MSIL2A_20180106T100401_N0500_R122_T31NEH_20230802T011345,87.27192262972059
6,2019-01-06,S2B_MSIL2A_20190106T100409_N0500_R122_T31NEH_20221202T051220,104.17288186488157
6,2020-01-26,S2A_MSIL2A_20200126T100321_N0500_R122_T31NEH_20230429T154603,88.71159849395893
6,2021-01-20,S2A_MSIL2A_20210120T100331_N0500_R122_T31NEH_20230603T115026,88.36403030796393
6,2021-12-21,S2B_MSIL2A_20211221T100329_N0500_R122_T31NEH_20221226T132339,104.61548860276955
6,2022-12-26,S2B_MSIL2A_20221226T100329_N0510_R122_T31NEH_20240803T090404,119.47218791757705
6,2023-01-10,S2A_MSIL2A_20230110T100401_N0510_R122_T31NEH_20240810T212703,141.91833535766372
6,2024-12-20,S2A_MSIL2A_20241220T100431_N0511_R122_T31NEH_20241220T144159,92.5243627552589
6,2025-01-24,S2B_MSIL2A_20250124T100219_N0511_R022_T31NEH_20250124T125425,91.02667468910865
7,2017-05-21,S2A_MSIL2A_20170521T100031_N0500_R122_T31NFH_20230908T033050,
7,2018-01-01,S2B_MSIL2A_20180101T100409_N0500_R122_T31NEH_20230904T020713,109.38574516608183
7,2018-01-06,S2A_MSIL2A_20180106T100401_N0500_R122_T31NEH_20230802T011345,84.6947975438141
7,2019-01-06,S2B_MSIL2A_20190106T100409_N0500_R122_T31NEH_20221202T051220,101.89824979931832
7,2020-01-26,S2A_MSIL2A_20200126T100321_N0500_R122_T31NEH_20230429T154603,96.96166353742198
7,2021-01-20,S2A_MSIL2A_20210120T100331_N0500_R122_T31NEH_20230603T115026,99.3547880947512
7,2021-12-21,S2B_MSIL2A_20211221T100329_N0500_R122_T31NEH_20221226T132339,104.7149347551129
7,2022-12-26,S2B_MSIL2A_20221226T100329_N0510_R122_T31NEH_20240803T090404,131.86435382948727
7,2023-01-10,S2A_MSIL2A_20230110T100401_N0510_R122_T31NEH_20240810T212703,140.73443497272797
7,2024-12-20,S2A_MSIL2A_20241220T100431_N0511_R122_T31NEH_20241220T144159,92.2704694577313
7,2025-01-24,S2B_MSIL2A_20250124T100219_N0511_R022_T31NEH_20250124T125425,99.13688660258863
8,2017-05-21,S2A_MSIL2A_20170521T100031_N0500_R122_T31NFH_20230908T033050,
8,2018-01-01,S2B_MSIL2A_20180101T100409_N0500_R122_T31NEH_20230904T020713,104.1281370576687
8,2018-01-06,S2A_MSIL2A_20180106T100401_N0500_R122_T31NEH_20230802T011345,83.36003269236406
8,2019-01-06,S2B_MSIL2A_20190106T100409_N0500_R122_T31NEH_20221202T051220,100.86600443533206
8,2020-01-26,S2A_MSIL2A_20200126T100321_N0500_R122_T31NEH_20230429T154603,106.45462535741325
8,2021-01-20,S2A_MSIL2A_20210120T100331_N0500_R122_T31NEH_20230603T115026,102.72295579939376
8,2021-12-21,S2B_MSIL2A_20211221T100329_N0500_R122_T31NEH_20221226T132339,106.05676171384326
8,2022-12-26,S2B_MSIL2A_20221226T100329_N0510_R122_T31NEH_20240803T090404,123.72637755953426
8,2023-01-10,S2A_MSIL2A_20230110T100401_N0510_R122_T31NEH_20240810T212703,140.79301503062567
8,2024-12-20,S2A_MSIL2A_20241220T100431_N0511_R122_T31NEH_20241220T144159,93.25891066827063
8,2025-01-24,S2B_MSIL2A_20250124T100219_N0511_R022_T31NEH_20250124T125425,100.60108340061723
9,2017-05-21,S2A_MSIL2A_20170521T100031_N0500_R122_T31NFH_20230908T033050,
9,2018-01-01,S2B_MSIL2A_20180101T100409_N0500_R122_T31NEH_20230904T020713,99.39014395222655
9,2018-01-06,S2A_MSIL2A_20180106T100401_N0500_R122_T31NEH_20230802T011345,82.54459792093495
9,2019-01-06,S2B_MSIL2A_20190106T100409_N0500_R122_T31NEH_20221202T051220,100.35317089185831
9,2020-01-26,S2A_MSIL2A_20200126T100321_N0500_R122_T31NEH_20230429T154603,116.46737759747647
9,2021-01-20,S2A_MSIL2A_20210120T100331_N0500_R122_T31NEH_20230603T115026,89.18711259272145
9,2021-12-21,S2B_MSIL2A_20211221T100329_N0500_R122_T31NEH_20221226T132339,107.91799491101435
9,2022-12-26,S2B_MSIL2A_20221226T100329_N0510_R122_T31NEH_20240803T090404,116.10865587787866
9,2023-01-10,S2A_MSIL2A_20230110T100401_N0510_R122_T31NEH_20240810T212703,141.37107157337337
9,2024-12-20,S2A_MSIL2A_20241220T100431_N0511_R122_T31NEH_20241220T144159,94.7667614699656
9,2025-01-24,S2B_MSIL2A_20250124T100219_N0511_R022_T31NEH_20250124T125425,94.6029706229587
10,2017-05-21,S2A_MSIL2A_20170521T100031_N0500_R122_T31NFH_20230908T033050,
10,2018-01-01,S2B_MSIL2A_20180101T100409_N0500_R122_T31NEH_20230904T020713,94.64190866913619
10,2018-01-06,S2A_MSIL2A_20180106T100401_N0500_R122_T31NEH_20230802T011345,81.7188663066239
10,2019-01-06,S2B_MSIL2A_20190106T100409_N0500_R122_T31NEH_20221202T051220,99.83007923489083
10,2020-01-26,S2A_MSIL2A_20200126T100321_N0500_R122_T31NEH_20230429T154603,126.46957590883534
10,2021-01-20,S2A_MSIL2A_20210120T100331_N0500_R122_T31NEH_20230603T115026,75.64084364908697
10,2021-12-21,S2B_MSIL2A_20211221T100329_N0500_R122_T31NEH_20221226T132339,109.76893846351196
10,2022-12-26,S2B_MSIL2A_20221226T100329_N0510_R122_T31NEH_20240803T090404,108.48103700598212
10,2023-01-10,S2A_MSIL2A_20230110T100401_N0510_R122_T31NEH_20240810T212703,141.93882147240492
10,2024-12-20,S2A_MSIL2A_20241220T100431_N0511_R122_T31NEH_20241220T144159,96.26437306183638
10,2025-01-24,S2B_MSIL2A_20250124T100219_N0511_R022_T31NEH_20250124T125425,88.59455725181932
11,2017-05-21,S2A_MSIL2A_20170521T100031_N0500_R122_T31NFH_20230908T033050,
11,2018-01-01,S2B_MSIL2A_20180101T100409_N0500_R122_T31NEH_20230904T020713,89.33640166960797
11,2018-01-06,S2A_MSIL2A_20180106T100401_N0500_R122_T31NEH_20230802T011345,80.33595389321701
11,2019-01-06,S2B_MSIL2A_20190106T100409_N0500_R122_T31NEH_20221202T051220,98.74986208813888
11,2020-01-26,S2A_MSIL2A_20200126T100321_N0500_R122_T31NEH_20230429T154603,123.94998717749117
11,2021-01-20,S2A_MSIL2A_20210120T100331_N0500_R122_T31NEH_20230603T115026,83.09175533045835
11,2021-12-21,S2B_MSIL2A_20211221T100329_N0500_R122_T31NEH_20221226T132339,111.0627254190188
11,2022-12-26,S2B_MSIL2A_20221226T100329_N0510_R122_T31NEH_20240803T090404,100.29622042824533
11,2023-01-10,S2A_MSIL2A_20230110T100401_N0510_R122_T31NEH_20240810T212703,104.9919380178807
11,2024-12-20,S2A_MSIL2A_20241220T100431_N0511_R122_T31NEH_20241220T144159,97.2048643844577
11,2025-01-24,S2B_MSIL2A_20250124T100219_N0511_R022_T31NEH_20250124T125425,82.02872497263155
12,2017-05-21,S2A_MSIL2A_20170521T100031_N0500_R122_T31NFH_20230908T033050,
12,2018-01-01,S2B_MSIL2A_20180101T100409_N0500_R122_T31NEH_20230904T020713,84.80797187752286
12,2018-01-06,S2A_MSIL2A_20180106T100401_N0500_R122_T31NEH_20230802T011345,77.95924376031523
12,2019-01-06,S2B_MSIL2A_20190106T100409_N0500_R122_T31NEH_20221202T051220,96.67596820681129
12,2020-01-26,S2A_MSIL2A_20200126T100321_N0500_R122_T31NEH_20230429T154603,112.99173042581263
12,2021-01-20,S2A_MSIL2A_20210120T100331_N0500_R122_T31NEH_20230603T115026,103.27327714763393
12,2021-12-21,S2B_MSIL2A_20211221T100329_N0500_R122_T31NEH_20221226T132339,111.36287252120368
12,2022-12-26,S2B_MSIL2A_20221226T100329_N0510_R122_T31NEH_20240803T090404,91.11721761366185
12,2023-01-10,S2A_MSIL2A_20230110T100401_N0510_R122_T31NEH_20240810T212703,97.24281733380691
12,2024-12-20,S2A_MSIL2A_20241220T100431_N0511_R122_T31NEH_20241220T144159,97.15169460466524
12,2025-01-24,S2B_MSIL2A_20250124T100219_N0511_R022_T31NEH_20250124T125425,74.4686184807577
13,2017-05-21,S2A_MSIL2A_20170521T100031_N0500_R122_T31NFH_20230908T033050,
13,2018-01-01,S2B_MSIL2A_20180101T100409_N0500_R122_T31NEH_20230904T020713,96.57237532140383
13,2018-01-06,S2A_MSIL2A_20180106T100401_N0500_R122_T31NEH_20230802T011345,74.14043936268654
13,2019-01-06,S2B_MSIL2A_20190106T100409_N0500_R122_T31NEH_20221202T051220,97.98780959405018
13,2020-01-26,S2A_MSIL2A_20200126T100321_N0500_R122_T31NEH_20230429T154603,100.59111564990633
13,2021-01-20,S2A_MSIL2A_20210120T100331_N0500_R122_T31NEH_20230603T115026,122.0079484897727
13,2021-12-21,S2B_MSIL2A_20211221T100329_N0500_R122_T31NEH_20221226T132339,110.22185964966518
13,2022-12-26,S2B_MSIL2A_20221226T100329_N0510_R122_T31NEH_20240803T090404,83.8963267165844
13,2023-01-10,S2A_MSIL2A_20230110T100401_N0510_R122_T31NEH_20240810T212703,104.61668311515986
13,2024-12-20,S2A_MSIL2A_20241220T100431_N0511_R122_T31NEH_20241220T144159,95.65714746544488
13,2025-01-24,S2B_MSIL2A_20250124T100219_N0511_R022_T31NEH_20250124T125425,65.61984562065871
14,2017-05-21,S2A_MSIL2A_20170521T100031_N0500_R122_T31NFH_20230908T033050,
14,2018-01-01,S2B_MSIL2A_20180101T100409_N0500_R122_T31NEH_20230904T020713,106.46498531099274
14,2018-01-06,S2A_MSIL2A_20180106T100401_N0500_R122_T31NEH_20230802T011345,74.87904411401543
14,2019-01-06,S2B_MSIL2A_20190106T100409_N0500_R122_T31NEH_20221202T051220,101.68761928409012
14,2020-01-26,S2A_MSIL2A_20200126T100321_N0500_R122_T31NEH_20230429T154603,86.31769975827717
14,2021-01-20,S2A_MSIL2A_20210120T100331_N0500_R122_T31NEH_20230603T115026,138.8686626173472
14,2021-12-21,S2B_MSIL2A_20211221T100329_N0500_R122_T31NEH_20221226T132339,107.21125762841639
14,2022-12-26,S2B_MSIL2A_20221226T100329_N0510_R122_T31NEH_20240803T090404,91.40194372762629
14,2023-01-10,S2A_MSIL2A_20230110T100401_N0510_R122_T31NEH_20240810T212703,110.12033575354569
14,2024-12-20,S2A_MSIL2A_20241220T100431_N0511_R122_T31NEH_20241220T144159,92.29277430275938
14,2025-01-24,S2B_MSIL2A_20250124T100219_N0511_R022_T31NEH_20250124T125425,72.55425014073444
15,2017-05-21,S2A_MSIL2A_20170521T100031_N0500_R122_T31NFH_20230908T033050,
15,2018-01-01,S2B_MSIL2A_20180101T100409_N0500_R122_T31NEH_20230904T020713,114.30465366438008
15,2018-01-06,S2A_MSIL2A_20180106T100401_N0500_R122_T31NEH_20230802T011345,77.04087464978474
15,2019-01-06,S2B_MSIL2A_20190106T100409_N0500_R122_T31NEH_20221202T051220,103.33546321150507
15,2020-01-26,S2A_MSIL2A_20200126T100321_N0500_R122_T31NEH_20230429T154603,94.03009795953804
15,2021-01-20,S2A_MSIL2A_20210120T100331_N0500_R122_T31NEH_20230603T115026,153.67436768974753
15,2021-12-21,S2B_MSIL2A_20211221T100329_N0500_R122_T31NEH_20221226T132339,111.22692342396019
15,2022-12-26,S2B_MSIL2A_20221226T100329_N0510_R122_T31NEH_20240803T090404,96.85493121414399
15,2023-01-10,S2A_MSIL2A_20230110T100401_N0510_R122_T31NEH_20240810T212703,113.5719669465181
15,2024-12-20,S2A_MSIL2A_20241220T100431_N0511_R122_T31NEH_20241220T144159,86.8760546678467
15,2025-01-24,S2B_MSIL2A_20250124T100219_N0511_R022_T31NEH_20250124T125425,77.43584095966727
16,2017-05-21,S2A_MSIL2A_20170521T100031_N0500_R122_T31NFH_20230908T033050,
16,2018-01-01,S2B_MSIL2A_20180101T100409_N0500_R122_T31NEH_20230904T020713,120.17496847101441
16,2018-01-06,S2A_MSIL2A_20180106T100401_N0500_R122_T31NEH_20230802T011345,77.23340455247364
16,2019-01-06,S2B_MSIL2A_20190106T100409_N0500_R122_T31NEH_20221202T051220,103.0143829846264
16,2020-01-26,S2A_MSIL2A_20200126T100321_N0500_R122_T31NEH_20230429T154603,101.59305825593864
16,2021-01-20,S2A_MSIL2A_20210120T100331_N0500_R122_T31NEH_20230603T115026,166.50970726109682
16,2021-12-21,S2B_MSIL2A_20211221T100329_N0500_R122_T31NEH_20221226T132339,114.86328264253935
16,2022-12-26,S2B_MSIL2A_20221226T100329_N0510_R122_T31NEH_20240803T090404,100.33862815752687
16,2023-01-10,S2A_MSIL2A_20230110T100401_N0510_R122_T31NEH_20240810T212703,115.05475743698015
16,2024-12-20,S2A_MSIL2A_20241220T100431_N0511_R122_T31NEH_20241220T144159,79.48965355948609
16,2025-01-24,S2B_MSIL2A_20250124T100219_N0511_R022_T31NEH_20250124T125425,80.34789525021925
17,2017-05-21,S2A_MSIL2A_20170521T100031_N0500_R122_T31NFH_20230908T033050,
17,2018-01-01,S2B_MSIL2A_20180101T100409_N0500_R122_T31NEH_20230904T020713,116.39398488911054
17,2018-01-06,S2A_MSIL2A_20180106T100401_N0500_R122_T31NEH_20230802T011345,75.7649804825543
17,2019-01-06,S2B_MSIL2A_20190106T100409_N0500_R122_T31NEH_20221202T051220,101.03256111244876
17,2020-01-26,S2A_MSIL2A_20200126T100321_N0500_R122_T31NEH_20230429T154603,107.49473664565686
17,2021-01-20,S2A_MSIL2A_20210120T100331_N0500_R122_T31NEH_20230603T115026,499.8520844338554
17,2021-12-21,S2B_MSIL2A_20211221T100329_N0500_R122_T31NEH_20221226T132339,116.83898854679212
17,2022-12-26,S2B_MSIL2A_20221226T100329_N0510_R122_T31NEH_20240803T090404,102.16149343512953
17,2023-01-10,S2A_MSIL2A_20230110T100401_N0510_R122_T31NEH_20240810T212703,114.87694918061602
17,2024-12-20,S2A_MSIL2A_20241220T100431_N0511_R122_T31NEH_20241220T144159,70.44167341057938
17,2025-01-24,S2B_MSIL2A_20250124T100219_N0511_R022_T31NEH_20250124T125425,81.5989092990027
18,2017-05-21,S2A_MSIL2A_20170521T100031_N0500_R122_T31NFH_20230908T033050,
18,2018-01-01,S2B_MSIL2A_20180101T100409_N0500_R122_T31NEH_20230904T020713,94.99418945392632
18,2018-01-06,S2A_MSIL2A_20180106T100401_N0500_R122_T31NEH_20230802T011345,72.85888691491502
18,2019-01-06,S2B_MSIL2A_20190106T100409_N0500_R122_T31NEH_20221202T051220,97.9017818157635
18,2020-01-26,S2A_MSIL2A_20200126T100321_N0500_R122_T31NEH_20230429T154603,111.9587199130545
18,2021-01-20,S2A_MSIL2A_20210120T100331_N0500_R122_T31NEH_20230603T115026,
18,2021-12-21,S2B_MSIL2A_20211221T100329_N0500_R122_T31NEH_20221226T132339,117.37732711232546
18,2022-12-26,S2B_MSIL2A_20221226T100329_N0510_R122_T31NEH_20240803T090404,102.54688091013828
18,2023-01-10,S2A_MSIL2A_20230110T100401_N0510_R122_T31NEH_20240810T212703,113.26175007051505
18,2024-12-20,S2A_MSIL2A_20241220T100431_N0511_R122_T31NEH_20241220T144159,70.1176008898245
18,2025-01-24,S2B_MSIL2A_20250124T100219_N0511_R022_T31NEH_20250124T125425,81.41230386944403
19,2017-05-21,S2A_MSIL2A_20170521T100031_N0500_R122_T31NFH_20230908T033050,
19,2018-01-01,S2B_MSIL2A_20180101T100409_N0500_R122_T31NEH_20230904T020713,86.68208914537612
19,2018-01-06,S2A_MSIL2A_20180106T100401_N0500_R122_T31NEH_20230802T011345,68.70884571718355
19,2019-01-06,S2B_MSIL2A_20190106T100409_N0500_R122_T31NEH_20221202T051220,99.12320199391576
19,2020-01-26,S2A_MSIL2A_20200126T100321_N0500_R122_T31NEH_20230429T154603,115.17889662287511
19,2021-01-20,S2A_MSIL2A_20210120T100331_N0500_R122_T31NEH_20230603T115026,
19,2021-12-21,S2B_MSIL2A_20211221T100329_N0500_R122_T31NEH_20221226T132339,116.67200097990212
19,2022-12-26,S2B_MSIL2A_20221226T100329_N0510_R122_T31NEH_20240803T090404,101.68852249393096
19,2023-01-10,S2A_MSIL2A_20230110T100401_N0510_R122_T31NEH_20240810T212703,110.40280152669612
19,2024-12-20,S2A_MSIL2A_20241220T100431_N0511_R122_T31NEH_20241220T144159,70.37277117430573
19,2025-01-24,S2B_MSIL2A_20250124T100219_N0511_R022_T31NEH_20250124T125425,79.98184316179207
20,2017-05-21,S2A_MSIL2A_20170521T100031_N0500_R122_T31NFH_20230908T033050,
20,2018-01-01,S2B_MSIL2A_20180101T100409_N0500_R122_T31NEH_20230904T020713,92.58060812235662
20,2018-01-06,S2A_MSIL2A_20180106T100401_N0500_R122_T31NEH_20230802T011345,77.37976701386985
20,2019-01-06,S2B_MSIL2A_20190106T100409_N0500_R122_T31NEH_20221202T051220,99.53711903608993
20,2020-01-26,S2A_MSIL2A_20200126T100321_N0500_R122_T31NEH_20230429T154603,117.59164750350183
20,2021-01-20,S2A_MSIL2A_20210120T100331_N0500_R122_T31NEH_20230603T115026,
20,2021-12-21,S2B_MSIL2A_20211221T100329_N0500_R122_T31NEH_20221226T132339,115.15919379589228
20,2022-12-26,S2B_MSIL2A_20221226T100329_N0510_R122_T31NEH_20240803T090404,100.02266511724561
20,2023-01-10,S2A_MSIL2A_20230110T100401_N0510_R122_T31NEH_20240810T212703,106.73626562612513
20,2024-12-20,S2A_MSIL2A_20241220T100431_N0511_R122_T31NEH_20241220T144159,69.82036551919242
20,2025-01-24,S2B_MSIL2A_20250124T100219_N0511_R022_T31NEH_20250124T125425,77.743878345567
21,2017-05-21,S2A_MSIL2A_20170521T100031_N0500_R122_T31NFH_20230908T033050,
21,2018-01-01,S2B_MSIL2A_20180101T100409_N0500_R122_T31NEH_20230904T020713,98.07410602592977
21,2018-01-06,S2A_MSIL2A_20180106T100401_N0500_R122_T31NEH_20230802T011345,86.09982152175157
21,2019-01-06,S2B_MSIL2A_20190106T100409_N0500_R122_T31NEH_20221202T051220,99.54620001609536
21,2020-01-26,S2A_MSIL2A_20200126T100321_N0500_R122_T31NEH_20230429T154603,119.5996238688152
21,2021-01-20,S2A_MSIL2A_20210120T100331_N0500_R122_T31NEH_20230603T115026,
21,2021-12-21,S2B_MSIL2A_20211221T100329_N0500_R122_T31NEH_20221226T132339,113.24151450849344
21,2022-12-26,S2B_MSIL2A_20221226T100329_N0510_R122_T31NEH_20240803T090404,97.95196335402846
21,2023-01-10,S2A_MSIL2A_20230110T100401_N0510_R122_T31NEH_20240810T212703,102.6648138866729
21,2024-12-20,S2A_MSIL2A_20241220T100431_N0511_R122_T31NEH_20241220T144159,68.86313483417986
21,2025-01-24,S2B_MSIL2A_20250124T100219_N0511_R022_T31NEH_20250124T125425,75.10113134967571
22,2017-05-21,S2A_MSIL2A_20170521T100031_N0500_R122_T31NFH_20230908T033050,
22,2018-01-01,S2B_MSIL2A_20180101T100409_N0500_R122_T31NEH_20230904T020713,103.7263367145768
22,2018-01-06,S2A_MSIL2A_20180106T100401_N0500_R122_T31NEH_20230802T011345,94.97836434049611
22,2019-01-06,S2B_MSIL2A_20190106T100409_N0500_R122_T31NEH_20221202T051220,99.71400865930511
22,2020-01-26,S2A_MSIL2A_20200126T100321_N0500_R122_T31NEH_20230429T154603,121.7664459480571
22,2021-01-20,S2A_MSIL2A_20210120T100331_N0500_R122_T31NEH_20230603T115026,
22,2021-12-21,S2B_MSIL2A_20211221T100329_N0500_R122_T31NEH_20221226T132339,111.48250777388957
22,2022-12-26,S2B_MSIL2A_20221226T100329_N0510_R122_T31NEH_20240803T090404,96.04000233502944
22,2023-01-10,S2A_MSIL2A_20230110T100401_N0510_R122_T31NEH_20240810T212703,98.75207773047346
22,2024-12-20,S2A_MSIL2A_20241220T100431_N0511_R122_T31NEH_20241220T144159,68.06469151560661
22,2025-01-24,S2B_MSIL2A_20250124T100219_N0511_R022_T31NEH_20250124T125425,72.61727309970499
23,2017-05-21,S2A_MSIL2A_20170521T100031_N0500_R122_T31NFH_20230908T033050,
23,2018-01-01,S2B_MSIL2A_20180101T100409_N0500_R122_T31NEH_20230904T020713,109.90800937743894
23,2018-01-06,S2A_MSIL2A_20180106T100401_N0500_R122_T31NEH_20230802T011345,104.38649519018837
23,2019-01-06,S2B_MSIL2A_20190106T100409_N0500_R122_T31NEH_20221202T051220,100.41106729203224
23,2020-01-26,S2A_MSIL2A_20200126T100321_N0500_R122_T31NEH_20230429T154603,124.46262920557552
23,2021-01-20,S2A_MSIL2A_20210120T100331_N0500_R122_T31NEH_20230603T115026,
23,2021-12-21,S2B_MSIL2A_20211221T100329_N0500_R122_T31NEH_20221226T132339,110.25275807843839
23,2022-12-26,S2B_MSIL2A_20221226T100329_N0510_R122_T31NEH_20240803T090404,94.6573017030269
23,2023-01-10,S2A_MSIL2A_20230110T100401_N0510_R122_T31NEH_20240810T212703,95.3686497345032
23,2024-12-20,S2A_MSIL2A_20241220T100431_N0511_R122_T31NEH_20241220T144159,67.79546965727788
23,2025-01-24,S2B_MSIL2A_20250124T100219_N0511_R022_T31NEH_20250124T125425,70.66270454679966
24,2017-05-21,S2A_MSIL2A_20170521T100031_N0500_R122_T31NFH_20230908T033050,
24,2018-01-01,S2B_MSIL2A_20180101T100409_N0500_R122_T31NEH_20230904T020713,116.90983610206817
24,2018-01-06,S2A_MSIL2A_20180106T100401_N0500_R122_T31NEH_20230802T011345,110.49238066030085
24,2019-01-06,S2B_MSIL2A_20190106T100409_N0500_R122_T31NEH_20221202T051220,101.92786596460594
24,2020-01-26,S2A_MSIL2A_20200126T100321_N0500_R122_T31NEH_20230429T154603,127.97878714708334
24,2021-01-20,S2A_MSIL2A_20210120T100331_N0500_R122_T31NEH_20230603T115026,
24,2021-12-21,S2B_MSIL2A_20211221T100329_N0500_R122_T31NEH_20221226T132339,109.8427593741845
24,2022-12-26,S2B_MSIL2A_20221226T100329_N0510_R122_T31NEH_20240803T090404,94.09432273224688
24,2023-01-10,S2A_MSIL2A_20230110T100401_N0510_R122_T31NEH_20240810T212703,92.80500601179006
24,2024-12-20,S2A_MSIL2A_20241220T100431_N0511_R122_T31NEH_20241220T144159,68.34586956216087
24,2025-01-24,S2B_MSIL2A_20250124T100219_N0511_R022_T31NEH_20250124T125425,69.52784358230677
25,2017-05-21,S2A_MSIL2A_20170521T100031_N0500_R122_T31NFH_20230908T033050,
25,2018-01-01,S2B_MSIL2A_20180101T100409_N0500_R122_T31NEH_20230904T020713,111.52299588571269
25,2018-01-06,S2A_MSIL2A_20180106T100401_N0500_R122_T31NEH_20230802T011345,107.53775757292516
25,2019-01-06,S2B_MSIL2A_20190106T100409_N0500_R122_T31NEH_20221202T051220,104.54538444757789
25,2020-01-26,S2A_MSIL2A_20200126T100321_N0500_R122_T31NEH_20230429T154603,132.59604173204062
25,2021-01-20,S2A_MSIL2A_20210120T100331_N0500_R122_T31NEH_20230603T115026,
25,2021-12-21,S2B_MSIL2A_20211221T100329_N0500_R122_T31NEH_20221226T132339,110.53347534923306
25,2022-12-26,S2B_MSIL2A_20221226T100329_N0510_R122_T31NEH_20240803T090404,94.63197042449242
25,2023-01-10,S2A_MSIL2A_20230110T100401_N0510_R122_T31NEH_20240810T212703,91.3420273771306
25,2024-12-20,S2A_MSIL2A_20241220T100431_N0511_R122_T31NEH_20241220T144159,69.99673382215059
25,2025-01-24,S2B_MSIL2A_20250124T100219_N0511_R022_T31NEH_20250124T125425,69.49349504598831
26,2017-05-21,S2A_MSIL2A_20170521T100031_N0500_R122_T31NFH_20230908T033050,
26,2018-01-01,S2B_MSIL2A_20180101T100409_N0500_R122_T31NEH_20230904T020713,78.14329635130991
26,2018-01-06,S2A_MSIL2A_20180106T100401_N0500_R122_T31NEH_20230802T011345,105.93965431006353
26,2019-01-06,S2B_MSIL2A_20190106T100409_N0500_R122_T31NEH_20221202T051220,108.51951420909948
26,2020-01-26,S2A_MSIL2A_20200126T100321_N0500_R122_T31NEH_20230429T154603,133.96219915113306
26,2021-01-20,S2A_MSIL2A_20210120T100331_N0500_R122_T31NEH_20230603T115026,
26,2021-12-21,S2B_MSIL2A_20211221T100329_N0500_R122_T31NEH_20221226T132339,112.58074092445493
26,2022-12-26,S2B_MSIL2A_20221226T100329_N0510_R122_T31NEH_20240803T090404,96.52602069543687
26,2023-01-10,S2A_MSIL2A_20230110T100401_N0510_R122_T31NEH_20240810T212703,91.2354180838481
26,2024-12-20,S2A_MSIL2A_20241220T100431_N0511_R122_T31NEH_20241220T144159,73.00380361061632
26,2025-01-24,S2B_MSIL2A_20250124T100219_N0511_R022_T31NEH_20250124T125425,70.8153270139754
27,2017-05-21,S2A_MSIL2A_20170521T100031_N0500_R122_T31NFH_20230908T033050,
27,2018-01-01,S2B_MSIL2A_20180101T100409_N0500_R122_T31NEH_20230904T020713,86.96187133747287
27,2018-01-06,S2A_MSIL2A_20180106T100401_N0500_R122_T31NEH_20230802T011345,105.91104455585642
27,2019-01-06,S2B_MSIL2A_20190106T100409_N0500_R122_T31NEH_20221202T051220,114.06351150480953
27,2020-01-26,S2A_MSIL2A_20200126T100321_N0500_R122_T31NEH_20230429T154603,92.86833906626988
27,2021-01-20,S2A_MSIL2A_20210120T100331_N0500_R122_T31NEH_20230603T115026,
27,2021-12-21,S2B_MSIL2A_20211221T100329_N0500_R122_T31NEH_20221226T132339,116.19771521623937
27,2022-12-26,S2B_MSIL2A_20221226T100329_N0510_R122_T31NEH_20240803T090404,99.98956629112783
27,2023-01-10,S2A_MSIL2A_20230110T100401_N0510_R122_T31NEH_20240810T212703,92.69815588737968
27,2024-12-20,S2A_MSIL2A_20241220T100431_N0511_R122_T31NEH_20241220T144159,77.58014859034793
27,2025-01-24,S2B_MSIL2A_20250124T100219_N0511_R022_T31NEH_20250124T125425,73.7063092412624
28,2017-05-21,S2A_MSIL2A_20170521T100031_N0500_R122_T31NFH_20230908T033050,
28,2018-01-01,S2B_MSIL2A_20180101T100409_N0500_R122_T31NEH_20230904T020713,97.51148331959179
28,2018-01-06,S2A_MSIL2A_20180106T100401_N0500_R122_T31NEH_20230802T011345,107.27333472112392
28,2019-01-06,S2B_MSIL2A_20190106T100409_N0500_R122_T31NEH_20221202T051220,121.33831071003097
28,2020-01-26,S2A_MSIL2A_20200126T100321_N0500_R122_T31NEH_20230429T154603,108.8573513129023
28,2021-01-20,S2A_MSIL2A_20210120T100331_N0500_R122_T31NEH_20230603T115026,
28,2021-12-21,S2B_MSIL2A_20211221T100329_N0500_R122_T31NEH_20221226T132339,121.54518793809002
28,2022-12-26,S2B_MSIL2A_20221226T100329_N0510_R122_T31NEH_20240803T090404,105.18331193734312
28,2023-01-10,S2A_MSIL2A_20230110T100401_N0510_R122_T31NEH_20240810T212703,95.89077612115021
28,2024-12-20,S2A_MSIL2A_20241220T100431_N0511_R122_T31NEH_20241220T144159,83.88645536767234
28,2025-01-24,S2B_MSIL2A_20250124T100219_N0511_R022_T31NEH_20250124T125425,78.3269869088855
29,2017-05-21,S2A_MSIL2A_20170521T100031_N0500_R122_T31NFH_20230908T033050,
29,2018-01-01,S2B_MSIL2A_20180101T100409_N0500_R122_T31NEH_20230904T020713,110.00600859079631
29,2018-01-06,S2A_MSIL2A_20180106T100401_N0500_R122_T31NEH_20230802T011345,107.02540681826241
29,2019-01-06,S2B_MSIL2A_20190106T100409_N0500_R122_T31NEH_20221202T051220,130.55742339182856
29,2020-01-26,S2A_MSIL2A_20200126T100321_N0500_R122_T31NEH_20230429T154603,126.79398187707616
29,2021-01-20,S2A_MSIL2A_20210120T100331_N0500_R122_T31NEH_20230603T115026,
29,2021-12-21,S2B_MSIL2A_20211221T100329_N0500_R122_T31NEH_20221226T132339,128.836508422489
29,2022-12-26,S2B_MSIL2A_20221226T100329_N0510_R122_T31NEH_20240803T090404,112.32058531855853
29,2023-01-10,S2A_MSIL2A_20230110T100401_N0510_R122_T31NEH_20240810T212703,101.02642399939249
29,2024-12-20,S2A_MSIL2A_20241220T100431_N0511_R122_T31NEH_20241220T144159,92.1361521916203
29,2025-01-24,S2B_MSIL2A_20250124T100219_N0511_R022_T31NEH_20250124T125425,84.89061460489754
30,2017-05-21,S2A_MSIL2A_20170521T100031_N0500_R122_T31NFH_20230908T033050,
30,2018-01-01,S2B_MSIL2A_20180101T100409_N0500_R122_T31NEH_20230904T020713,115.08557240777142
30,2018-01-06,S2A_MSIL2A_20180106T100401_N0500_R122_T31NEH_20230802T011345,108.80354770928086
30,2019-01-06,S2B_MSIL2A_20190106T100409_N0500_R122_T31NEH_20221202T051220,106.72665767385932
30,2020-01-26,S2A_MSIL2A_20200126T100321_N0500_R122_T31NEH_20230429T154603,101.19205819231561
30,2021-01-20,S2A_MSIL2A_20210120T100331_N0500_R122_T31NEH_20230603T115026,
30,2021-12-21,S2B_MSIL2A_20211221T100329_N0500_R122_T31NEH_20221226T132339,125.04282348400652
30,2022-12-26,S2B_MSIL2A_20221226T100329_N0510_R122_T31NEH_20240803T090404,114.31625446652602
30,2023-01-10,S2A_MSIL2A_20230110T100401_N0510_R122_T31NEH_20240810T212703,108.18867747293761
30,2024-12-20,S2A_MSIL2A_20241220T100431_N0511_R122_T31NEH_20241220T144159,94.95719616717511
30,2025-01-24,S2B_MSIL2A_20250124T100219_N0511_R022_T31NEH_20250124T125425,93.48092957566048
31,2017-05-21,S2A_MSIL2A_20170521T100031_N0500_R122_T31NFH_20230908T033050,
31,2018-01-01,S2B_MSIL2A_20180101T100409_N0500_R122_T31NEH_20230904T020713,108.26925702746011
31,2018-01-06,S2A_MSIL2A_20180106T100401_N0500_R122_T31NEH_20230802T011345,67.72097267252737
31,2019-01-06,S2B_MSIL2A_20190106T100409_N0500_R122_T31NEH_20221202T051220,86.11916398546032
31,2020-01-26,S2A_MSIL2A_20200126T100321_N0500_R122_T31NEH_20230429T154603,75.95789206181406
31,2021-01-20,S2A_MSIL2A_20210120T100331_N0500_R122_T31NEH_20230603T115026,
31,2021-12-21,S2B_MSIL2A_20211221T100329_N0500_R122_T31NEH_20221226T132339,120.00177084808735
31,2022-12-26,S2B_MSIL2A_20221226T100329_N0510_R122_T31NEH_20240803T090404,110.62180602318502
31,2023-01-10,S2A_MSIL2A_20230110T100401_N0510_R122_T31NEH_20240810T212703,51.3433019005625
31,2024-12-20,S2A_MSIL2A_20241220T100431_N0511_R122_T31NEH_20241220T144159,90.3552166626183
31,2025-01-24,S2B_MSIL2A_20250124T100219_N0511_R022_T31NEH_20250124T125425,85.27363456812678
32,2017-05-21,S2A_MSIL2A_20170521T100031_N0500_R122_T31NFH_20230908T033050,
32,2018-01-01,S2B_MSIL2A_20180101T100409_N0500_R122_T31NEH_20230904T020713,102.70304863844721
32,2018-01-06,S2A_MSIL2A_20180106T100401_N0500_R122_T31NEH_20230802T011345,71.55472469966261
32,2019-01-06,S2B_MSIL2A_20190106T100409_N0500_R122_T31NEH_20221202T051220,94.48326022414976
32,2020-01-26,S2A_MSIL2A_20200126T100321_N0500_R122_T31NEH_20230429T154603,86.61939265621942
32,2021-01-20,S2A_MSIL2A_20210120T100331_N0500_R122_T31NEH_20230603T115026,
32,2021-12-21,S2B_MSIL2A_20211221T100329_N0500_R122_T31NEH_20221226T132339,116.21081767106827
32,2022-12-26,S2B_MSIL2A_20221226T100329_N0510_R122_T31NEH_20240803T090404,108.17715190779143
32,2023-01-10,S2A_MSIL2A_20230110T100401_N0510_R122_T31NEH_20240810T212703,50.577330659861346
32,2024-12-20,S2A_MSIL2A_20241220T100431_N0511_R122_T31NEH_20241220T144159,87.00278080312586
32,2025-01-24,S2B_MSIL2A_20250124T100219_N0511_R022_T31NEH_20250124T125425,71.55472469966261
33,2017-05-21,S2A_MSIL2A_20170521T100031_N0500_R122_T31NFH_20230908T033050,
33,2018-01-01,S2B_MSIL2A_20180101T100409_N0500_R122_T31NEH_20230904T020713,97.8320018138962
33,2018-01-06,S2A_MSIL2A_20180106T100401_N0500_R122_T31NEH_20230802T011345,95.33213420400492
33,2019-01-06,S2B_MSIL2A_20190106T100409_N0500_R122_T31NEH_20221202T051220,103.5428009279614
33,2020-01-26,S2A_MSIL2A_20200126T100321_N0500_R122_T31NEH_20230429T154603,104.50504233395206
33,2021-01-20,S2A_MSIL2A_20210120T100331_N0500_R122_T31NEH_20230603T115026,
33,2021-12-21,S2B_MSIL2A_20211221T100329_N0500_R122_T31NEH_20221226T132339,113.11501194194379
33,2022-12-26,S2B_MSIL2A_20221226T100329_N0510_R122_T31NEH_20240803T090404,106.42755155863276
33,2023-01-10,S2A_MSIL2A_20230110T100401_N0510_R122_T31NEH_20240810T212703,69.53755059782897
33,2024-12-20,S2A_MSIL2A_20241220T100431_N0511_R122_T31NEH_20241220T144159,84.34532801145451
33,2025-01-24,S2B_MSIL2A_20250124T100219_N0511_R022_T31NEH_20250124T125425,95.33213420388863
34,2017-05-21,S2A_MSIL2A_20170521T100031_N0500_R122_T31NFH_20230908T033050,
34,2018-01-01,S2B_MSIL2A_20180101T100409_N0500_R122_T31NEH_20230904T020713,93.40977916403143
34,2018-01-06,S2A_MSIL2A_20180106T100401_N0500_R122_T31NEH_20230802T011345,86.20588820388156
34,2019-01-06,S2B_MSIL2A_20190106T100409_N0500_R122_T31NEH_20221202T051220,113.05134395970614
34,2020-01-26,S2A_MSIL2A_20200126T100321_N0500_R122_T31NEH_20230429T154603,122.84039496309376
34,2021-01-20,S2A_MSIL2A_20210120T100331_N0500_R122_T31NEH_20230603T115026,
34,2021-12-21,S2B_MSIL2A_20211221T100329_N0500_R122_T31NEH_20221226T132339,110.46804985073544
34,2022-12-26,S2B_MSIL2A_20221226T100329_N0510_R122_T31NEH_20240803T090404,105.12674169749964
34,2023-01-10,S2A_MSIL2A_20230110T100401_N0510_R122_T31NEH_20240810T212703,88.9483133516196
34,2024-12-20,S2A_MSIL2A_20241220T100431_N0511_R122_T31NEH_20241220T144159,82.13661166019642
34,2025-01-24,S2B_MSIL2A_20250124T100219_N0511_R022_T31NEH_20250124T125425,99.03750579436188
35,2017-05-21,S2A_MSIL2A_20170521T100031_N0500_R122_T31NFH_20230908T033050,
35,2018-01-01,S2B_MSIL2A_20180101T100409_N0500_R122_T31NEH_20230904T020713,89.01549585363101
35,2018-01-06,S2A_MSIL2A_20180106T100401_N0500_R122_T31NEH_20230802T011345,75.7744865862895
35,2019-01-06,S2B_MSIL2A_20190106T100409_N0500_R122_T31NEH_20221202T051220,120.08029859298574
35,2020-01-26,S2A_MSIL2A_20200126T100321_N0500_R122_T31NEH_20230429T154603,126.52241691586593
35,2021-01-20,S2A_MSIL2A_20210120T100331_N0500_R122_T31NEH_20230603T115026,
35,2021-12-21,S2B_MSIL2A_20211221T100329_N0500_R122_T31NEH_20221226T132339,107.84916566739791
35,2022-12-26,S2B_MSIL2A_20221226T100329_N0510_R122_T31NEH_20240803T090404,103.85396187176406
35,2023-01-10,S2A_MSIL2A_20230110T100401_N0510_R122_T31NEH_20240810T212703,108.38746998118542
35,2024-12-20,S2A_MSIL2A_20241220T100431_N0511_R122_T31NEH_20241220T144159,79.95581492366578
35,2025-01-24,S2B_MSIL2A_20250124T100219_N0511_R022_T31NEH_20250124T125425,76.8813537477158
36,2017-05-21,S2A_MSIL2A_20170521T100031_N0500_R122_T31NFH_20230908T033050,
36,2018-01-01,S2B_MSIL2A_20180101T100409_N0500_R122_T31NEH_20230904T020713,86.05227256221603
36,2018-01-06,S2A_MSIL2A_20180106T100401_N0500_R122_T31NEH_20230802T011345,66.29133582536029
36,2019-01-06,S2B_MSIL2A_20190106T100409_N0500_R122_T31NEH_20221202T051220,98.50206935631505
36,2020-01-26,S2A_MSIL2A_20200126T100321_N0500_R122_T31NEH_20230429T154603,111.29991674631408
36,2021-01-20,S2A_MSIL2A_20210120T100331_N0500_R122_T31NEH_20230603T115026,
36,2021-12-21,S2B_MSIL2A_20211221T100329_N0500_R122_T31NEH_20221226T132339,104.75806638233043
36,2022-12-26,S2B_MSIL2A_20221226T100329_N0510_R122_T31NEH_20240803T090404,102.10895935955548
36,2023-01-10,S2A_MSIL2A_20230110T100401_N0510_R122_T31NEH_20240810T212703,124.32833418194086
36,2024-12-20,S2A_MSIL2A_20241220T100431_N0511_R122_T31NEH_20241220T144159,77.30264589755075
36,2025-01-24,S2B_MSIL2A_20250124T100219_N0511_R022_T31NEH_20250124T125425,74.39282423118131
37,2017-05-21,S2A_MSIL2A_20170521T100031_N0500_R122_T31NFH_20230908T033050,
37,2018-01-01,S2B_MSIL2A_20180101T100409_N0500_R122_T31NEH_20230904T020713,96.42887212197873
37,2018-01-06,S2A_MSIL2A_20180106T100401_N0500_R122_T31NEH_20230802T011345,73.24423878774292
37,2019-01-06,S2B_MSIL2A_20190106T100409_N0500_R122_T31NEH_20221202T051220,88.2923840546865
37,2020-01-26,S2A_MSIL2A_20200126T100321_N0500_R122_T31NEH_20230429T154603,95.07980156446992
37,2021-01-20,S2A_MSIL2A_20210120T100331_N0500_R122_T31NEH_20230603T115026,
37,2021-12-21,S2B_MSIL2A_20211221T100329_N0500_R122_T31NEH_20221226T132339,104.60522841885675
37,2022-12-26,S2B_MSIL2A_20221226T100329_N0510_R122_T31NEH_20240803T090404,99.36804411052566
37,2023-01-10,S2A_MSIL2A_20230110T100401_N0510_R122_T31NEH_20240810T212703,82.38080442681398
37,2024-12-20,S2A_MSIL2A_20241220T100431_N0511_R122_T31NEH_20241220T144159,73.65319831784518
37,2025-01-24,S2B_MSIL2A_20250124T100219_N0511_R022_T31NEH_20250124T125425,78.87782227747508
38,2017-05-21,S2A_MSIL2A_20170521T100031_N0500_R122_T31NFH_20230908T033050,
38,2018-01-01,S2B_MSIL2A_20180101T100409_N0500_R122_T31NEH_20230904T020713,105.26563621945881
38,2018-01-06,S2A_MSIL2A_20180106T100401_N0500_R122_T31NEH_20230802T011345,78.65793775564616
38,2019-01-06,S2B_MSIL2A_20190106T100409_N0500_R122_T31NEH_20221202T051220,103.27751491159403
38,2020-01-26,S2A_MSIL2A_20200126T100321_N0500_R122_T31NEH_20230429T154603,105.81471514571278
38,2021-01-20,S2A_MSIL2A_20210120T100331_N0500_R122_T31NEH_20230603T115026,
38,2021-12-21,S2B_MSIL2A_20211221T100329_N0500_R122_T31NEH_20221226T132339,109.96759072177386
38,2022-12-26,S2B_MSIL2A_20221226T100329_N0510_R122_T31NEH_20240803T090404,95.0882001519886
38,2023-01-10,S2A_MSIL2A_20230110T100401_N0510_R122_T31NEH_20240810T212703,75.06878383514179
38,2024-12-20,S2A_MSIL2A_20241220T100431_N0511_R122_T31NEH_20241220T144159,69.97886848942072
38,2025-01-24,S2B_MSIL2A_20250124T100219_N0511_R022_T31NEH_20250124T125425,81.82383301097403
39,2017-05-21,S2A_MSIL2A_20170521T100031_N0500_R122_T31NFH_20230908T033050,
39,2018-01-01,S2B_MSIL2A_20180101T100409_N0500_R122_T31NEH_20230904T020713,112.21328158140406
39,2018-01-06,S2A_MSIL2A_20180106T100401_N0500_R122_T31NEH_20230802T011345,82.1829107905553
39,2019-01-06,S2B_MSIL2A_20190106T100409_N0500_R122_T31NEH_20221202T051220,116.37142043098224
39,2020-01-26,S2A_MSIL2A_20200126T100321_N0500_R122_T31NEH_20230429T154603,118.66476188440897
39,2021-01-20,S2A_MSIL2A_20210120T100331_N0500_R122_T31NEH_20230603T115026,
39,2021-12-21,S2B_MSIL2A_20211221T100329_N0500_R122_T31NEH_20221226T132339,113.44154730648263
39,2022-12-26,S2B_MSIL2A_20221226T100329_N0510_R122_T31NEH_20240803T090404,90.4338158518216
39,2023-01-10,S2A_MSIL2A_20230110T100401_N0510_R122_T31NEH_20240810T212703,65.86667732824307
39,2024-12-20,S2A_MSIL2A_20241220T100431_N0511_R122_T31NEH_20241220T144159,76.16752235799737
39,2025-01-24,S2B_MSIL2A_20250124T100219_N0511_R022_T31NEH_20250124T125425,82.88131549406346
40,2017-05-21,S2A_MSIL2A_20170521T100031_N0500_R122_T31NFH_20230908T033050,
40,2018-01-01,S2B_MSIL2A_20180101T100409_N0500_R122_T31NEH_20230904T020713,116.97733736554548
40,2018-01-06,S2A_MSIL2A_20180106T100401_N0500_R122_T31NEH_20230802T011345,83.52421942046058
40,2019-01-06,S2B_MSIL2A_20190106T100409_N0500_R122_T31NEH_20221202T051220,125.01502100337726
40,2020-01-26,S2A_MSIL2A_20200126T100321_N0500_R122_T31NEH_20230429T154603,129.32951003791112
40,2021-01-20,S2A_MSIL2A_20210120T100331_N0500_R122_T31NEH_20230603T115026,
40,2021-12-21,S2B_MSIL2A_20211221T100329_N0500_R122_T31NEH_20221226T132339,114.73242182491384
40,2022-12-26,S2B_MSIL2A_20221226T100329_N0510_R122_T31NEH_20240803T090404,102.24173022047346
40,2023-01-10,S2A_MSIL2A_20230110T100401_N0510_R122_T31NEH_20240810T212703,71.741319657813
40,2024-12-20,S2A_MSIL2A_20241220T100431_N0511_R122_T31NEH_20241220T144159,80.17210750143795
40,2025-01-24,S2B_MSIL2A_20250124T100219_N0511_R022_T31NEH_20250124T125425,81.75520246127603
41,2017-05-21,S2A_MSIL2A_20170521T100031_N0500_R122_T31NFH_20230908T033050,
41,2018-01-01,S2B_MSIL2A_20180101T100409_N0500_R122_T31NEH_20230904T020713,109.14867873055225
41,2018-01-06,S2A_MSIL2A_20180106T100401_N0500_R122_T31NEH_20230802T011345,82.62023723290174
41,2019-01-06,S2B_MSIL2A_20190106T100409_N0500_R122_T31NEH_20221202T051220,114.31029337708038
41,2020-01-26,S2A_MSIL2A_20200126T100321_N0500_R122_T31NEH_20230429T154603,104.44185039125335
41,2021-01-20,S2A_MSIL2A_20210120T100331_N0500_R122_T31NEH_20230603T115026,
41,2021-12-21,S2B_MSIL2A_20211221T100329_N0500_R122_T31NEH_20221226T132339,113.77864424432741
41,2022-12-26,S2B_MSIL2A_20221226T100329_N0510_R122_T31NEH_20240803T090404,111.80279443563313
41,2023-01-10,S2A_MSIL2A_20230110T100401_N0510_R122_T31NEH_20240810T212703,94.60935181693759
41,2024-12-20,S2A_MSIL2A_20241220T100431_N0511_R122_T31NEH_20241220T144159,81.9312142215794
41,2025-01-24,S2B_MSIL2A_20250124T100219_N0511_R022_T31NEH_20250124T125425,78.38364345778824
42,2017-05-21,S2A_MSIL2A_20170521T100031_N0500_R122_T31NFH_20230908T033050,
42,2018-01-01,S2B_MSIL2A_20180101T100409_N0500_R122_T31NEH_20230904T020713,75.47702396977756
42,2018-01-06,S2A_MSIL2A_20180106T100401_N0500_R122_T31NEH_20230802T011345,79.46223886679759
42,2019-01-06,S2B_MSIL2A_20190106T100409_N0500_R122_T31NEH_20221202T051220,101.34969342443148
42,2020-01-26,S2A_MSIL2A_20200126T100321_N0500_R122_T31NEH_20230429T154603,93.6331078672465
42,2021-01-20,S2A_MSIL2A_20210120T100331_N0500_R122_T31NEH_20230603T115026,
42,2021-12-21,S2B_MSIL2A_20211221T100329_N0500_R122_T31NEH_20221226T132339,110.57157457981171
42,2022-12-26,S2B_MSIL2A_20221226T100329_N0510_R122_T31NEH_20240803T090404,119.10934756829825
42,2023-01-10,S2A_MSIL2A_20230110T100401_N0510_R122_T31NEH_20240810T212703,115.21531307621963
42,2024-12-20,S2A_MSIL2A_20241220T100431_N0511_R122_T31NEH_20241220T144159,81.43642594248665
42,2025-01-24,S2B_MSIL2A_20250124T100219_N0511_R022_T31NEH_20250124T125425,75.21410775538008
43,2017-05-21,S2A_MSIL2A_20170521T100031_N0500_R122_T31NFH_20230908T033050,
43,2018-01-01,S2B_MSIL2A_20180101T100409_N0500_R122_T31NEH_20230904T020713,84.64100744238702
43,2018-01-06,S2A_MSIL2A_20180106T100401_N0500_R122_T31NEH_20230802T011345,84.09339783696092
43,2019-01-06,S2B_MSIL2A_20190106T100409_N0500_R122_T31NEH_20221202T051220,86.04382115234164
43,2020-01-26,S2A_MSIL2A_20200126T100321_N0500_R122_T31NEH_20230429T154603,100.46424810589008
43,2021-01-20,S2A_MSIL2A_20210120T100331_N0500_R122_T31NEH_20230603T115026,
43,2021-12-21,S2B_MSIL2A_20211221T100329_N0500_R122_T31NEH_20221226T132339,105.02295841848031
43,2022-12-26,S2B_MSIL2A_20221226T100329_N0510_R122_T31NEH_20240803T090404,124.0744222950265
43,2023-01-10,S2A_MSIL2A_20230110T100401_N0510_R122_T31NEH_20240810T212703,110.32337722951344
43,2024-12-20,S2A_MSIL2A_20241220T100431_N0511_R122_T31NEH_20241220T144159,84.55587212652102
43,2025-01-24,S2B_MSIL2A_20250124T100219_N0511_R022_T31NEH_20250124T125425,83.26750053035092
44,2017-05-21,S2A_MSIL2A_20170521T100031_N0500_R122_T31NFH_20230908T033050,
44,2018-01-01,S2B_MSIL2A_20180101T100409_N0500_R122_T31NEH_20230904T020713,91.58015368683375
44,2018-01-06,S2A_MSIL2A_20180106T100401_N0500_R122_T31NEH_20230802T011345,89.81444044715724
44,2019-01-06,S2B_MSIL2A_20190106T100409_N0500_R122_T31NEH_20221202T051220,92.67967217584005
44,2020-01-26,S2A_MSIL2A_20200126T100321_N0500_R122_T31NEH_20230429T154603,105.07175239139471
44,2021-01-20,S2A_MSIL2A_20210120T100331_N0500_R122_T31NEH_20230603T115026,
44,2021-12-21,S2B_MSIL2A_20211221T100329_N0500_R122_T31NEH_20221226T132339,97.25042870352846
44,2022-12-26,S2B_MSIL2A_20221226T100329_N0510_R122_T31NEH_20240803T090404,126.81677538782442
44,2023-01-10,S2A_MSIL2A_20230110T100401_N0510_R122_T31NEH_20240810T212703,102.12003686075086
44,2024-12-20,S2A_MSIL2A_20241220T100431_N0511_R122_T31NEH_20241220T144159,90.25411510036645
44,2025-01-24,S2B_MSIL2A_20250124T100219_N0511_R022_T31NEH_20250124T125425,89.0963042588581
45,2017-05-21,S2A_MSIL2A_20170521T100031_N0500_R122_T31NFH_20230908T033050,
45,2018-01-01,S2B_MSIL2A_20180101T100409_N0500_R122_T31NEH_20230904T020713,96.58146288723592
45,2018-01-06,S2A_MSIL2A_20180106T100401_N0500_R122_T31NEH_20230802T011345,93.5977821934726
45,2019-01-06,S2B_MSIL2A_20190106T100409_N0500_R122_T31NEH_20221202T051220,97.52942365193978
45,2020-01-26,S2A_MSIL2A_20200126T100321_N0500_R122_T31NEH_20230429T154603,107.74157913353606
45,2021-01-20,S2A_MSIL2A_20210120T100331_N0500_R122_T31NEH_20230603T115026,
45,2021-12-21,S2B_MSIL2A_20211221T100329_N0500_R122_T31NEH_20221226T132339,99.05767849086581
45,2022-12-26,S2B_MSIL2A_20221226T100329_N0510_R122_T31NEH_20240803T090404,127.62165923163768
45,2023-01-10,S2A_MSIL2A_20230110T100401_N0510_R122_T31NEH_20240810T212703,91.97826696963382
45,2024-12-20,S2A_MSIL2A_20241220T100431_N0511_R122_T31NEH_20241220T144159,94.01465600160145
45,2025-01-24,S2B_MSIL2A_20250124T100219_N0511_R022_T31NEH_20250124T125425,92.98740351796505
46,2017-05-21,S2A_MSIL2A_20170521T100031_N0500_R122_T31NFH_20230908T033050,
46,2018-01-01,S2B_MSIL2A_20180101T100409_N0500_R122_T31NEH_20230904T020713,99.964429575924
46,2018-01-06,S2A_MSIL2A_20180106T100401_N0500_R122_T31NEH_20230802T011345,95.76287114426405
46,2019-01-06,S2B_MSIL2A_20190106T100409_N0500_R122_T31NEH_20221202T051220,100.76086875893013
46,2020-01-26,S2A_MSIL2A_20200126T100321_N0500_R122_T31NEH_20230429T154603,108.79345886034487
46,2021-01-20,S2A_MSIL2A_20210120T100331_N0500_R122_T31NEH_20230603T115026,
46,2021-12-21,S2B_MSIL2A_20211221T100329_N0500_R122_T31NEH_20221226T132339,102.23559025397572
46,2022-12-26,S2B_MSIL2A_20221226T100329_N0510_R122_T31NEH_20240803T090404,126.80889749114392
46,2023-01-10,S2A_MSIL2A_20230110T100401_N0510_R122_T31NEH_20240810T212703,83.9808703872488
46,2024-12-20,S2A_MSIL2A_20241220T100431_N0511_R122_T31NEH_20241220T144159,96.15695316527193
46,2025-01-24,S2B_MSIL2A_20250124T100219_N0511_R022_T31NEH_20250124T125425,95.26022900915287
47,2017-05-21,S2A_MSIL2A_20170521T100031_N0500_R122_T31NFH_20230908T033050,
47,2018-01-01,S2B_MSIL2A_20180101T100409_N0500_R122_T31NEH_20230904T020713,101.98862495484744
47,2018-01-06,S2A_MSIL2A_20180106T100401_N0500_R122_T31NEH_20230802T011345,96.5692104612561
47,2019-01-06,S2B_MSIL2A_20190106T100409_N0500_R122_T31NEH_20221202T051220,102.63356207057839
47,2020-01-26,S2A_MSIL2A_20200126T100321_N0500_R122_T31NEH_20230429T154603,108.48674482423063
47,2021-01-20,S2A_MSIL2A_20210120T100331_N0500_R122_T31NEH_20230603T115026,
47,2021-12-21,S2B_MSIL2A_20211221T100329_N0500_R122_T31NEH_20221226T132339,104.05477095609298
47,2022-12-26,S2B_MSIL2A_20221226T100329_N0510_R122_T31NEH_20240803T090404,124.63763405058941
47,2023-01-10,S2A_MSIL2A_20230110T100401_N0510_R122_T31NEH_20240810T212703,84.61153756555109
47,2024-12-20,S2A_MSIL2A_20241220T100431_N0511_R122_T31NEH_20241220T144159,96.94050586339237
47,2025-01-24,S2B_MSIL2A_20250124T100219_N0511_R022_T31NEH_20250124T125425,96.17429451075171
48,2017-05-21,S2A_MSIL2A_20170521T100031_N0500_R122_T31NFH_20230908T033050,
48,2018-01-01,S2B_MSIL2A_20180101T100409_N0500_R122_T31NEH_20230904T020713,103.06885591231963
48,2018-01-06,S2A_MSIL2A_20180106T100401_N0500_R122_T31NEH_20230802T011345,96.43157409877962
48,2019-01-06,S2B_MSIL2A_20190106T100409_N0500_R122_T31NEH_20221202T051220,103.56229943818511
48,2020-01-26,S2A_MSIL2A_20200126T100321_N0500_R122_T31NEH_20230429T154603,107.23609753161297
48,2021-01-20,S2A_MSIL2A_20210120T100331_N0500_R122_T31NEH_20230603T115026,
48,2021-12-21,S2B_MSIL2A_20211221T100329_N0500_R122_T31NEH_20221226T132339,104.93000752810907
48,2022-12-26,S2B_MSIL2A_20221226T100329_N0510_R122_T31NEH_20240803T090404,121.52233687898614
48,2023-01-10,S2A_MSIL2A_20230110T100401_N0510_R122_T31NEH_20240810T212703,84.29817248344649
48,2024-12-20,S2A_MSIL2A_20241220T100431_N0511_R122_T31NEH_20241220T144159,96.78008521097928
48,2025-01-24,S2B_MSIL2A_20250124T100219_N0511_R022_T31NEH_20250124T125425,96.14438028258787
49,2017-05-21,S2A_MSIL2A_20170521T100031_N0500_R122_T31NFH_20230908T033050,
49,2018-01-01,S2B_MSIL2A_20180101T100409_N0500_R122_T31NEH_20230904T020713,103.65904210839025
49,2018-01-06,S2A_MSIL2A_20180106T100401_N0500_R122_T31NEH_20230802T011345,95.80388594611749
49,2019-01-06,S2B_MSIL2A_20190106T100409_N0500_R122_T31NEH_20221202T051220,104.00099360890803
49,2020-01-26,S2A_MSIL2A_20200126T100321_N0500_R122_T31NEH_20230429T154603,105.49538282470235
49,2021-01-20,S2A_MSIL2A_20210120T100331_N0500_R122_T31NEH_20230603T115026,
49,2021-12-21,S2B_MSIL2A_20211221T100329_N0500_R122_T31NEH_20221226T132339,105.3152042431491
49,2022-12-26,S2B_MSIL2A_20221226T100329_N0510_R122_T31NEH_20240803T090404,117.91684352188747
49,2023-01-10,S2A_MSIL2A_20230110T100401_N0510_R122_T31NEH_20240810T212703,83.49475269359519
49,2024-12-20,S2A_MSIL2A_20241220T100431_N0511_R122_T31NEH_20241220T144159,96.12961306054886
49,2025-01-24,S2B_MSIL2A_20250124T100219_N0511_R022_T31NEH_20250124T125425,95.62441352525863
50,2017-05-21,S2A_MSIL2A_20170521T100031_N0500_R122_T31NFH_20230908T033050,
50,2018-01-01,S2B_MSIL2A_20180101T100409_N0500_R122_T31NEH_20230904T020713,104.13665939451242
50,2018-01-06,S2A_MSIL2A_20180106T100401_N0500_R122_T31NEH_20230802T011345,95.06362895659728
50,2019-01-06,S2B_MSIL2A_20190106T100409_N0500_R122_T31NEH_20221202T051220,104.3271185594187
50,2020-01-26,S2A_MSIL2A_20200126T100321_N0500_R122_T31NEH_20230429T154603,103.64208103049576
50,2021-01-20,S2A_MSIL2A_20210120T100331_N0500_R122_T31NEH_20230603T115026,
50,2021-12-21,S2B_MSIL2A_20211221T100329_N0500_R122_T31NEH_20221226T132339,105.58783226628411
50,2022-12-26,S2B_MSIL2A_20221226T100329_N0510_R122_T31NEH_20240803T090404,114.19868063475761
50,2023-01-10,S2A_MSIL2A_20230110T100401_N0510_R122_T31NEH_20240810T212703,82.57877674634923
50,2024-12-20,S2A_MSIL2A_20241220T100431_N0511_R122_T31NEH_20241220T144159,95.36657191190946
50,2025-01-24,S2B_MSIL2A_20250124T100219_N0511_R022_T31NEH_20250124T125425,94.99187759163944
51,2017-05-21,S2A_MSIL2A_20170521T100031_N0500_R122_T31NFH_20230908T033050,
51,2018-01-01,S2B_MSIL2A_20180101T100409_N0500_R122_T31NEH_20230904T020713,105.08763853292268
51,2018-01-06,S2A_MSIL2A_20180106T100401_N0500_R122_T31NEH_20230802T011345,94.79672149973956
51,2019-01-06,S2B_MSIL2A_20190106T100409_N0500_R122_T31NEH_20221202T051220,105.1266027988692
51,2020-01-26,S2A_MSIL2A_20200126T100321_N0500_R122_T31NEH_20230429T154603,102.26211415383666
51,2021-01-20,S2A_MSIL2A_20210120T100331_N0500_R122_T31NEH_20230603T115026,
51,2021-12-21,S2B_MSIL2A_20211221T100329_N0500_R122_T31NEH_20221226T132339,106.33382189822758
51,2022-12-26,S2B_MSIL2A_20221226T100329_N0510_R122_T31NEH_20240803T090404,110.95374053093799
51,2023-01-10,S2A_MSIL2A_20230110T100401_N0510_R122_T31NEH_20240810T212703,82.13617268221246
51,2024-12-20,S2A_MSIL2A_20241220T100431_N0511_R122_T31NEH_20241220T144159,95.07688046162768
51,2025-01-24,S2B_MSIL2A_20250124T100219_N0511_R022_T31NEH_20250124T125425,94.83268912028376
52,2017-05-21,S2A_MSIL2A_20170521T100031_N0500_R122_T31NFH_20230908T033050,
52,2018-01-01,S2B_MSIL2A_20180101T100409_N0500_R122_T31NEH_20230904T020713,106.94867644358797
52,2018-01-06,S2A_MSIL2A_20180106T100401_N0500_R122_T31NEH_20230802T011345,95.43982842426972
52,2019-01-06,S2B_MSIL2A_20190106T100409_N0500_R122_T31NEH_20221202T051220,106.83614322288408
52,2020-01-26,S2A_MSIL2A_20200126T100321_N0500_R122_T31NEH_20230429T154603,101.79219118038431
52,2021-01-20,S2A_MSIL2A_20210120T100331_N0500_R122_T31NEH_20230603T115026,
52,2021-12-21,S2B_MSIL2A_20211221T100329_N0500_R122_T31NEH_20221226T132339,107.98987040162115
52,2022-12-26,S2B_MSIL2A_20221226T100329_N0510_R122_T31NEH_20240803T090404,108.61892486833663
52,2023-01-10,S2A_MSIL2A_20230110T100401_N0510_R122_T31NEH_20240810T212703,82.60354317661249
52,2024-12-20,S2A_MSIL2A_20241220T100431_N0511_R122_T31NEH_20241220T144159,95.69720419264225
52,2025-01-24,S2B_MSIL2A_20250124T100219_N0511_R022_T31NEH_20250124T125425,95.58351556217626
53,2017-05-21,S2A_MSIL2A_20170521T100031_N0500_R122_T31NFH_20230908T033050,
53,2018-01-01,S2B_MSIL2A_20180101T100409_N0500_R122_T31NEH_20230904T020713,109.97976701225633
53,2018-01-06,S2A_MSIL2A_20180106T100401_N0500_R122_T31NEH_20230802T011345,97.25288370319502
53,2019-01-06,S2B_MSIL2A_20190106T100409_N0500_R122_T31NEH_20221202T051220,109.71572877670613
53,2020-01-26,S2A_MSIL2A_20200126T100321_N0500_R122_T31NEH_20230429T154603,102.49223596703744
53,2021-01-20,S2A_MSIL2A_20210120T100331_N0500_R122_T31NEH_20230603T115026,
53,2021-12-21,S2B_MSIL2A_20211221T100329_N0500_R122_T31NEH_20221226T132339,110.81596898241683
53,2022-12-26,S2B_MSIL2A_20221226T100329_N0510_R122_T31NEH_20240803T090404,107.45411222633012
53,2023-01-10,S2A_MSIL2A_20230110T100401_N0510_R122_T31NEH_20240810T212703,84.24079534072253
53,2024-12-20,S2A_MSIL2A_20241220T100431_N0511_R122_T31NEH_20241220T144159,97.48747728835134
53,2025-01-24,S2B_MSIL2A_20250124T100219_N0511_R022_T31NEH_20250124T125425,97.50429276333509
54,2017-05-21,S2A_MSIL2A_20170521T100031_N0500_R122_T31NFH_20230908T033050,
54,2018-01-01,S2B_MSIL2A_20180101T100409_N0500_R122_T31NEH_20230904T020713,113.49025809567263
54,2018-01-06,S2A_MSIL2A_20180106T100401_N0500_R122_T31NEH_20230802T011345,99.54547274620548
54,2019-01-06,S2B_MSIL2A_20190106T100409_N0500_R122_T31NEH_20221202T051220,113.07472168938403
54,2020-01-26,S2A_MSIL2A_20200126T100321_N0500_R122_T31NEH_20230429T154603,103.67177512054758
54,2021-01-20,S2A_MSIL2A_20210120T100331_N0500_R122_T31NEH_20230603T115026,380.370423587358
54,2021-12-21,S2B_MSIL2A_20211221T100329_N0500_R122_T31NEH_20221226T132339,114.12146215437667
54,2022-12-26,S2B_MSIL2A_20221226T100329_N0510_R122_T31NEH_20240803T090404,106.76885221898279
54,2023-01-10,S2A_MSIL2A_20230110T100401_N0510_R122_T31NEH_20240810T212703,87.46384177046791
54,2024-12-20,S2A_MSIL2A_20241220T100431_N0511_R122_T31NEH_20241220T144159,99.75728169028905
54,2025-01-24,S2B_MSIL2A_20250124T100219_N0511_R022_T31NEH_20250124T125425,99.90460469994412
55,2017-05-21,S2A_MSIL2A_20170521T100031_N0500_R122_T31NFH_20230908T033050,
55,2018-01-01,S2B_MSIL2A_20180101T100409_N0500_R122_T31NEH_20230904T020713,115.39802151224185
55,2018-01-06,S2A_MSIL2A_20180106T100401_N0500_R122_T31NEH_20230802T011345,100.23567660868123
55,2019-01-06,S2B_MSIL2A_20190106T100409_N0500_R122_T31NEH_20221202T051220,114.8310314552967
55,2020-01-26,S2A_MSIL2A_20200126T100321_N0500_R122_T31NEH_20230429T154603,103.24897142501244
55,2021-01-20,S2A_MSIL2A_20210120T100331_N0500_R122_T31NEH_20230603T115026,110.52982969190984
55,2021-12-21,S2B_MSIL2A_20211221T100329_N0500_R122_T31NEH_20221226T132339,115.82426478652529
55,2022-12-26,S2B_MSIL2A_20221226T100329_N0510_R122_T31NEH_20240803T090404,104.48138717694941
55,2023-01-10,S2A_MSIL2A_20230110T100401_N0510_R122_T31NEH_20240810T212703,90.52978892955187
55,2024-12-20,S2A_MSIL2A_20241220T100431_N0511_R122_T31NEH_20241220T144159,100.42470027538177
55,2025-01-24,S2B_MSIL2A_20250124T100219_N0511_R022_T31NEH_20250124T125425,100.70252734931876
56,2017-05-21,S2A_MSIL2A_20170521T100031_N0500_R122_T31NFH_20230908T033050,
56,2018-01-01,S2B_MSIL2A_20180101T100409_N0500_R122_T31NEH_20230904T020713,114.18370541930462
56,2018-01-06,S2A_MSIL2A_20180106T100401_N0500_R122_T31NEH_20230802T011345,97.80328207552736
56,2019-01-06,S2B_MSIL2A_20190106T100409_N0500_R122_T31NEH_20221202T051220,113.46523380123786
56,2020-01-26,S2A_MSIL2A_20200126T100321_N0500_R122_T31NEH_20230429T154603,99.70356653407856
56,2021-01-20,S2A_MSIL2A_20210120T100331_N0500_R122_T31NEH_20230603T115026,110.47276714701094
56,2021-12-21,S2B_MSIL2A_20211221T100329_N0500_R122_T31NEH_20221226T132339,114.40498895059191
56,2022-12-26,S2B_MSIL2A_20221226T100329_N0510_R122_T31NEH_20240803T090404,99.07106599553067
56,2023-01-10,S2A_MSIL2A_20230110T100401_N0510_R122_T31NEH_20240810T212703,90.47270895016344
56,2024-12-20,S2A_MSIL2A_20241220T100431_N0511_R122_T31NEH_20241220T144159,97.9695247878542
56,2025-01-24,S2B_MSIL2A_20250124T100219_N0511_R022_T31NEH_20250124T125425,98.37786818384774
57,2017-05-21,S2A_MSIL2A_20170521T100031_N0500_R122_T31NFH_20230908T033050,
57,2018-01-01,S2B_MSIL2A_20180101T100409_N0500_R122_T31NEH_20230904T020713,110.13136788273523
57,2018-01-06,S2A_MSIL2A_20180106T100401_N0500_R122_T31NEH_20230802T011345,92.53204731395958
57,2019-01-06,S2B_MSIL2A_20190106T100409_N0500_R122_T31NEH_20221202T051220,109.2613760274782
57,2020-01-26,S2A_MSIL2A_20200126T100321_N0500_R122_T31NEH_20230429T154603,93.31918396527766
57,2021-01-20,S2A_MSIL2A_20210120T100331_N0500_R122_T31NEH_20230603T115026,107.57760463410536
57,2021-12-21,S2B_MSIL2A_20211221T100329_N0500_R122_T31NEH_20221226T132339,110.14768580430068
57,2022-12-26,S2B_MSIL2A_20221226T100329_N0510_R122_T31NEH_20240803T090404,90.82124609193389
57,2023-01-10,S2A_MSIL2A_20230110T100401_N0510_R122_T31NEH_20240810T212703,87.57684510931351
57,2024-12-20,S2A_MSIL2A_20241220T100431_N0511_R122_T31NEH_20241220T144159,92.6755121306209
57,2025-01-24,S2B_MSIL2A_20250124T100219_N0511_R022_T31NEH_20250124T125425,93.21441248466512
58,2017-05-21,S2A_MSIL2A_20170521T100031_N0500_R122_T31NFH_20230908T033050,
58,2018-01-01,S2B_MSIL2A_20180101T100409_N0500_R122_T31NEH_20230904T020713,103.68536074024858
58,2018-01-06,S2A_MSIL2A_20180106T100401_N0500_R122_T31NEH_20230802T011345,84.86689125813533
58,2019-01-06,S2B_MSIL2A_20190106T100409_N0500_R122_T31NEH_20221202T051220,102.66380965728186
58,2020-01-26,S2A_MSIL2A_20200126T100321_N0500_R122_T31NEH_20230429T154603,84.54060379550619
58,2021-01-20,S2A_MSIL2A_20210120T100331_N0500_R122_T31NEH_20230603T115026,102.28902166718818
58,2021-12-21,S2B_MSIL2A_20211221T100329_N0500_R122_T31NEH_20221226T132339,103.49666029119801
58,2022-12-26,S2B_MSIL2A_20221226T100329_N0510_R122_T31NEH_20240803T090404,87.61304863300185
58,2023-01-10,S2A_MSIL2A_20230110T100401_N0510_R122_T31NEH_20240810T212703,82.28743108033213
58,2024-12-20,S2A_MSIL2A_20241220T100431_N0511_R122_T31NEH_20241220T144159,84.98757247158852
58,2025-01-24,S2B_MSIL2A_20250124T100219_N0511_R022_T31NEH_20250124T125425,85.65705574678805
59,2017-05-21,S2A_MSIL2A_20170521T100031_N0500_R122_T31NFH_20230908T033050,
59,2018-01-01,S2B_MSIL2A_20180101T100409_N0500_R122_T31NEH_20230904T020713,95.17086280278079
59,2018-01-06,S2A_MSIL2A_20180106T100401_N0500_R122_T31NEH_20230802T011345,75.13275367708533
59,2019-01-06,S2B_MSIL2A_20190106T100409_N0500_R122_T31NEH_20221202T051220,105.16779679390542
59,2020-01-26,S2A_MSIL2A_20200126T100321_N0500_R122_T31NEH_20230429T154603,79.92027558543231
59,2021-01-20,S2A_MSIL2A_20210120T100331_N0500_R122_T31NEH_20230603T115026,94.93217380999482
59,2021-12-21,S2B_MSIL2A_20211221T100329_N0500_R122_T31NEH_20221226T132339,98.32657288951008
59,2022-12-26,S2B_MSIL2A_20221226T100329_N0510_R122_T31NEH_20240803T090404,93.76777207634998
59,2023-01-10,S2A_MSIL2A_20230110T100401_N0510_R122_T31NEH_20240810T212703,84.9074047968749
59,2024-12-20,S2A_MSIL2A_20241220T100431_N0511_R122_T31NEH_20241220T144159,75.23064671593386
59,2025-01-24,S2B_MSIL2A_20250124T100219_N0511_R022_T31NEH_20250124T125425,76.03075284345091
60,2017-05-21,S2A_MSIL2A_20170521T100031_N0500_R122_T31NFH_20230908T033050,
60,2018-01-01,S2B_MSIL2A_20180101T100409_N0500_R122_T31NEH_20230904T020713,102.3622677996413
60,2018-01-06,S2A_MSIL2A_20180106T100401_N0500_R122_T31NEH_20230802T011345,90.39699027022435
60,2019-01-06,S2B_MSIL2A_20190106T100409_N0500_R122_T31NEH_20221202T051220,110.4076950829091
60,2020-01-26,S2A_MSIL2A_20200126T100321_N0500_R122_T31NEH_20230429T154603,84.90142422112855
60,2021-01-20,S2A_MSIL2A_20210120T100331_N0500_R122_T31NEH_20230603T115026,88.40959512579087
60,2021-12-21,S2B_MSIL2A_20211221T100329_N0500_R122_T31NEH_20221226T132339,119.05261920052064
60,2022-12-26,S2B_MSIL2A_20221226T100329_N0510_R122_T31NEH_20240803T090404,98.17785844159238
60,2023-01-10,S2A_MSIL2A_20230110T100401_N0510_R122_T31NEH_20240810T212703,88.36755984020643
60,2024-12-20,S2A_MSIL2A_20241220T100431_N0511_R122_T31NEH_20241220T144159,79.36876753703893
60,2025-01-24,S2B_MSIL2A_20250124T100219_N0511_R022_T31NEH_20250124T125425,73.3208287296726
61,2017-05-21,S2A_MSIL2A_20170521T100031_N0500_R122_T31NFH_20230908T033050,
61,2018-01-01,S2B_MSIL2A_20180101T100409_N0500_R122_T31NEH_20230904T020713,112.7367346886763
61,2018-01-06,S2A_MSIL2A_20180106T100401_N0500_R122_T31NEH_20230802T011345,106.81103878611214
61,2019-01-06,S2B_MSIL2A_20190106T100409_N0500_R122_T31NEH_20221202T051220,114.29987772356003
61,2020-01-26,S2A_MSIL2A_20200126T100321_N0500_R122_T31NEH_20230429T154603,88.53453659745065
61,2021-01-20,S2A_MSIL2A_20210120T100331_N0500_R122_T31NEH_20230603T115026,112.80852418993656
61,2021-12-21,S2B_MSIL2A_20211221T100329_N0500_R122_T31NEH_20221226T132339,138.4271591197824
61,2022-12-26,S2B_MSIL2A_20221226T100329_N0510_R122_T31NEH_20240803T090404,101.24014195054046
61,2023-01-10,S2A_MSIL2A_20230110T100401_N0510_R122_T31NEH_20240810T212703,90.47987381190659
61,2024-12-20,S2A_MSIL2A_20241220T100431_N0511_R122_T31NEH_20241220T144159,84.40320066797491
61,2025-01-24,S2B_MSIL2A_20250124T100219_N0511_R022_T31NEH_20250124T125425,77.43244762475445
62,2017-05-21,S2A_MSIL2A_20170521T100031_N0500_R122_T31NFH_20230908T033050,
62,2018-01-01,S2B_MSIL2A_20180101T100409_N0500_R122_T31NEH_20230904T020713,121.99431550043333
62,2018-01-06,S2A_MSIL2A_20180106T100401_N0500_R122_T31NEH_20230802T011345,122.10673138596414
62,2019-01-06,S2B_MSIL2A_20190106T100409_N0500_R122_T31NEH_20221202T051220,117.07592066217647
62,2020-01-26,S2A_MSIL2A_20200126T100321_N0500_R122_T31NEH_20230429T154603,144.27826666140425
62,2021-01-20,S2A_MSIL2A_20210120T100331_N0500_R122_T31NEH_20230603T115026,126.1750566259666
62,2021-12-21,S2B_MSIL2A_20211221T100329_N0500_R122_T31NEH_20221226T132339,
62,2022-12-26,S2B_MSIL2A_20221226T100329_N0510_R122_T31NEH_20240803T090404,103.18623182430693
62,2023-01-10,S2A_MSIL2A_20230110T100401_N0510_R122_T31NEH_20240810T212703,91.475962215236
62,2024-12-20,S2A_MSIL2A_20241220T100431_N0511_R122_T31NEH_20241220T144159,88.32117030417716
62,2025-01-24,S2B_MSIL2A_20250124T100219_N0511_R022_T31NEH_20250124T125425,80.42762867008523
63,2017-05-21,S2A_MSIL2A_20170521T100031_N0500_R122_T31NFH_20230908T033050,
63,2018-01-01,S2B_MSIL2A_20180101T100409_N0500_R122_T31NEH_20230904T020713,130.3535166448677
63,2018-01-06,S2A_MSIL2A_20180106T100401_N0500_R122_T31NEH_20230802T011345,132.1305880002428
63,2019-01-06,S2B_MSIL2A_20190106T100409_N0500_R122_T31NEH_20221202T051220,118.95407110391868
63,2020-01-26,S2A_MSIL2A_20200126T100321_N0500_R122_T31NEH_20230429T154603,138.06651337347935
63,2021-01-20,S2A_MSIL2A_20210120T100331_N0500_R122_T31NEH_20230603T115026,120.37951179379012
63,2021-12-21,S2B_MSIL2A_20211221T100329_N0500_R122_T31NEH_20221226T132339,
63,2022-12-26,S2B_MSIL2A_20221226T100329_N0510_R122_T31NEH_20240803T090404,104.23438345952263
63,2023-01-10,S2A_MSIL2A_20230110T100401_N0510_R122_T31NEH_20240810T212703,91.57407792364636
63,2024-12-20,S2A_MSIL2A_20241220T100431_N0511_R122_T31NEH_20241220T144159,91.34104080957172
63,2025-01-24,S2B_MSIL2A_20250124T100219_N0511_R022_T31NEH_20250124T125425,82.52471993518246
64,2017-05-21,S2A_MSIL2A_20170521T100031_N0500_R122_T31NFH_20230908T033050,
64,2018-01-01,S2B_MSIL2A_20180101T100409_N0500_R122_T31NEH_20230904T020713,122.15924292288533
64,2018-01-06,S2A_MSIL2A_20180106T100401_N0500_R122_T31NEH_20230802T011345,122.5627488221701
64,2019-01-06,S2B_MSIL2A_20190106T100409_N0500_R122_T31NEH_20221202T051220,119.75808832659429
64,2020-01-26,S2A_MSIL2A_20200126T100321_N0500_R122_T31NEH_20230429T154603,130.7807784968922
64,2021-01-20,S2A_MSIL2A_20210120T100331_N0500_R122_T31NEH_20230603T115026,113.50973623385934
64,2021-12-21,S2B_MSIL2A_20211221T100329_N0500_R122_T31NEH_20221226T132339,
64,2022-12-26,S2B_MSIL2A_20221226T100329_N0510_R122_T31NEH_20240803T090404,104.20837699819744
64,2023-01-10,S2A_MSIL2A_20230110T100401_N0510_R122_T31NEH_20240810T212703,90.59796746399557
64,2024-12-20,S2A_MSIL2A_20241220T100431_N0511_R122_T31NEH_20241220T144159,93.28667388380853
64,2025-01-24,S2B_MSIL2A_20250124T100219_N0511_R022_T31NEH_20250124T125425,83.54757063163714
65,2017-05-21,S2A_MSIL2A_20170521T100031_N0500_R122_T31NFH_20230908T033050,
65,2018-01-01,S2B_MSIL2A_20180101T100409_N0500_R122_T31NEH_20230904T020713,111.54370770437824
65,2018-01-06,S2A_MSIL2A_20180106T100401_N0500_R122_T31NEH_20230802T011345,111.3698643717573
65,2019-01-06,S2B_MSIL2A_20190106T100409_N0500_R122_T31NEH_20221202T051220,118.93788434527809
65,2020-01-26,S2A_MSIL2A_20200126T100321_N0500_R122_T31NEH_20230429T154603,121.87070446574855
65,2021-01-20,S2A_MSIL2A_20210120T100331_N0500_R122_T31NEH_20230603T115026,105.01512687395149
65,2021-12-21,S2B_MSIL2A_20211221T100329_N0500_R122_T31NEH_20221226T132339,
65,2022-12-26,S2B_MSIL2A_20221226T100329_N0510_R122_T31NEH_20240803T090404,102.55796976134606
65,2023-01-10,S2A_MSIL2A_20230110T100401_N0510_R122_T31NEH_20240810T212703,87.99721085946943
65,2024-12-20,S2A_MSIL2A_20241220T100431_N0511_R122_T31NEH_20241220T144159,93.60779314117265
65,2025-01-24,S2B_MSIL2A_20250124T100219_N0511_R022_T31NEH_20250124T125425,82.94579929082171
66,2017-05-21,S2A_MSIL2A_20170521T100031_N0500_R122_T31NFH_20230908T033050,
66,2018-01-01,S2B_MSIL2A_20180101T100409_N0500_R122_T31NEH_20230904T020713,98.62468832458
66,2018-01-06,S2A_MSIL2A_20180106T100401_N0500_R122_T31NEH_20230802T011345,97.87323892976826
66,2019-01-06,S2B_MSIL2A_20190106T100409_N0500_R122_T31NEH_20221202T051220,115.81668499201255
66,2020-01-26,S2A_MSIL2A_20200126T100321_N0500_R122_T31NEH_20230429T154603,110.65831622807885
66,2021-01-20,S2A_MSIL2A_20210120T100331_N0500_R122_T31NEH_20230603T115026,94.21751665211279
66,2021-12-21,S2B_MSIL2A_20211221T100329_N0500_R122_T31NEH_20221226T132339,
66,2022-12-26,S2B_MSIL2A_20221226T100329_N0510_R122_T31NEH_20240803T090404,98.60604000048029
66,2023-01-10,S2A_MSIL2A_20230110T100401_N0510_R122_T31NEH_20240810T212703,83.09434179296197
66,2024-12-20,S2A_MSIL2A_20241220T100431_N0511_R122_T31NEH_20241220T144159,91.62730406938934
66,2025-01-24,S2B_MSIL2A_20250124T100219_N0511_R022_T31NEH_20250124T125425,80.04206411292449
67,2017-05-21,S2A_MSIL2A_20170521T100031_N0500_R122_T31NFH_20230908T033050,
67,2018-01-01,S2B_MSIL2A_20180101T100409_N0500_R122_T31NEH_20230904T020713,82.90525736727261
67,2018-01-06,S2A_MSIL2A_20180106T100401_N0500_R122_T31NEH_20230802T011345,81.57576336502522
67,2019-01-06,S2B_MSIL2A_20190106T100409_N0500_R122_T31NEH_20221202T051220,109.90013789766752
67,2020-01-26,S2A_MSIL2A_20200126T100321_N0500_R122_T31NEH_20230429T154603,96.64723855901826
67,2021-01-20,S2A_MSIL2A_20210120T100331_N0500_R122_T31NEH_20230603T115026,80.62058325888037
67,2021-12-21,S2B_MSIL2A_20211221T100329_N0500_R122_T31NEH_20221226T132339,
67,2022-12-26,S2B_MSIL2A_20221226T100329_N0510_R122_T31NEH_20240803T090404,91.85786432907175
67,2023-01-10,S2A_MSIL2A_20230110T100401_N0510_R122_T31NEH_20240810T212703,80.9418966471955
67,2024-12-20,S2A_MSIL2A_20241220T100431_N0511_R122_T31NEH_20241220T144159,86.85071601287143
67,2025-01-24,S2B_MSIL2A_20250124T100219_N0511_R022_T31NEH_20250124T125425,74.34157901484664
68,2017-05-21,S2A_MSIL2A_20170521T100031_N0500_R122_T31NFH_20230908T033050,
68,2018-01-01,S2B_MSIL2A_20180101T100409_N0500_R122_T31NEH_20230904T020713,88.5665710487117
68,2018-01-06,S2A_MSIL2A_20180106T100401_N0500_R122_T31NEH_20230802T011345,66.6714157229776
68,2019-01-06,S2B_MSIL2A_20190106T100409_N0500_R122_T31NEH_20221202T051220,100.78146137978702
68,2020-01-26,S2A_MSIL2A_20200126T100321_N0500_R122_T31NEH_20230429T154603,79.4282010010902
68,2021-01-20,S2A_MSIL2A_20210120T100331_N0500_R122_T31NEH_20230603T115026,75.91565039740324
68,2021-12-21,S2B_MSIL2A_20211221T100329_N0500_R122_T31NEH_20221226T132339,
68,2022-12-26,S2B_MSIL2A_20221226T100329_N0510_R122_T31NEH_20240803T090404,82.58072474623624
68,2023-01-10,S2A_MSIL2A_20230110T100401_N0510_R122_T31NEH_20240810T212703,76.7031421923623
68,2024-12-20,S2A_MSIL2A_20241220T100431_N0511_R122_T31NEH_20241220T144159,78.8711587704345
68,2025-01-24,S2B_MSIL2A_20250124T100219_N0511_R022_T31NEH_20250124T125425,72.05111787398097
69,2017-05-21,S2A_MSIL2A_20170521T100031_N0500_R122_T31NFH_20230908T033050,
69,2018-01-01,S2B_MSIL2A_20180101T100409_N0500_R122_T31NEH_20230904T020713,110.75202780643566
69,2018-01-06,S2A_MSIL2A_20180106T100401_N0500_R122_T31NEH_20230802T011345,73.86182217549829
69,2019-01-06,S2B_MSIL2A_20190106T100409_N0500_R122_T31NEH_20221202T051220,133.72461401705303
69,2020-01-26,S2A_MSIL2A_20200126T100321_N0500_R122_T31NEH_20230429T154603,77.23369135419348
69,2021-01-20,S2A_MSIL2A_20210120T100331_N0500_R122_T31NEH_20230603T115026,90.02425367390643
69,2021-12-21,S2B_MSIL2A_20211221T100329_N0500_R122_T31NEH_20221226T132339,
69,2022-12-26,S2B_MSIL2A_20221226T100329_N0510_R122_T31NEH_20240803T090404,90.88501516209001
69,2023-01-10,S2A_MSIL2A_20230110T100401_N0510_R122_T31NEH_20240810T212703,129.87809886437785
69,2024-12-20,S2A_MSIL2A_20241220T100431_N0511_R122_T31NEH_20241220T144159,87.0002671296716
69,2025-01-24,S2B_MSIL2A_20250124T100219_N0511_R022_T31NEH_20250124T125425,83.99691104231651
70,2017-05-21,S2A_MSIL2A_20170521T100031_N0500_R122_T31NFH_20230908T033050,
70,2018-01-01,S2B_MSIL2A_20180101T100409_N0500_R122_T31NEH_20230904T020713,127.04123170580648
70,2018-01-06,S2A_MSIL2A_20180106T100401_N0500_R122_T31NEH_20230802T011345,77.73181597532374
70,2019-01-06,S2B_MSIL2A_20190106T100409_N0500_R122_T31NEH_20221202T051220,154.54574205376676
70,2020-01-26,S2A_MSIL2A_20200126T100321_N0500_R122_T31NEH_20230429T154603,80.72213200388725
70,2021-01-20,S2A_MSIL2A_20210120T100331_N0500_R122_T31NEH_20230603T115026,100.80993779745862
70,2021-12-21,S2B_MSIL2A_20211221T100329_N0500_R122_T31NEH_20221226T132339,
70,2022-12-26,S2B_MSIL2A_20221226T100329_N0510_R122_T31NEH_20240803T090404,95.86940472123588
70,2023-01-10,S2A_MSIL2A_20230110T100401_N0510_R122_T31NEH_20240810T212703,98.14588338590927
70,2024-12-20,S2A_MSIL2A_20241220T100431_N0511_R122_T31NEH_20241220T144159,95.76085491103059
70,2025-01-24,S2B_MSIL2A_20250124T100219_N0511_R022_T31NEH_20250124T125425,92.62076961456927
71,2017-05-21,S2A_MSIL2A_20170521T100031_N0500_R122_T31NFH_20230908T033050,
71,2018-01-01,S2B_MSIL2A_20180101T100409_N0500_R122_T31NEH_20230904T020713,117.7074213142474
71,2018-01-06,S2A_MSIL2A_20180106T100401_N0500_R122_T31NEH_20230802T011345,78.41488010505637
71,2019-01-06,S2B_MSIL2A_20190106T100409_N0500_R122_T31NEH_20221202T051220,150.3999093406326
71,2020-01-26,S2A_MSIL2A_20200126T100321_N0500_R122_T31NEH_20230429T154603,81.02380702899507
71,2021-01-20,S2A_MSIL2A_20210120T100331_N0500_R122_T31NEH_20230603T115026,108.40776118418563
71,2021-12-21,S2B_MSIL2A_20211221T100329_N0500_R122_T31NEH_20221226T132339,
71,2022-12-26,S2B_MSIL2A_20221226T100329_N0510_R122_T31NEH_20240803T090404,108.3327562159162
71,2023-01-10,S2A_MSIL2A_20230110T100401_N0510_R122_T31NEH_20240810T212703,57.333211873831345
71,2024-12-20,S2A_MSIL2A_20241220T100431_N0511_R122_T31NEH_20241220T144159,101.33416181798565
71,2025-01-24,S2B_MSIL2A_20250124T100219_N0511_R022_T31NEH_20250124T125425,98.05725325016068
72,2017-05-21,S2A_MSIL2A_20170521T100031_N0500_R122_T31NFH_20230908T033050,
72,2018-01-01,S2B_MSIL2A_20180101T100409_N0500_R122_T31NEH_20230904T020713,105.43600143819128
72,2018-01-06,S2A_MSIL2A_20180106T100401_N0500_R122_T31NEH_20230802T011345,76.16237996306246
72,2019-01-06,S2B_MSIL2A_20190106T100409_N0500_R122_T31NEH_20221202T051220,143.31914154705765
72,2020-01-26,S2A_MSIL2A_20200126T100321_N0500_R122_T31NEH_20230429T154603,80.5456371706825
72,2021-01-20,S2A_MSIL2A_20210120T100331_N0500_R122_T31NEH_20230603T115026,113.07024570415139
72,2021-12-21,S2B_MSIL2A_20211221T100329_N0500_R122_T31NEH_20221226T132339,
72,2022-12-26,S2B_MSIL2A_20221226T100329_N0510_R122_T31NEH_20240803T090404,128.10738905095374
72,2023-01-10,S2A_MSIL2A_20230110T100401_N0510_R122_T31NEH_20240810T212703,13.548904496656915
72,2024-12-20,S2A_MSIL2A_20241220T100431_N0511_R122_T31NEH_20241220T144159,103.97224107764106
72,2025-01-24,S2B_MSIL2A_20250124T100219_N0511_R022_T31NEH_20250124T125425,100.55840069335204
73,2017-05-21,S2A_MSIL2A_20170521T100031_N0500_R122_T31NFH_20230908T033050,
73,2018-01-01,S2B_MSIL2A_20180101T100409_N0500_R122_T31NEH_20230904T020713,90.66262374076885
73,2018-01-06,S2A_MSIL2A_20180106T100401_N0500_R122_T31NEH_20230802T011345,71.41068213417557
73,2019-01-06,S2B_MSIL2A_20190106T100409_N0500_R122_T31NEH_20221202T051220,133.73910136817332
73,2020-01-26,S2A_MSIL2A_20200126T100321_N0500_R122_T31NEH_20230429T154603,96.00503392016515
73,2021-01-20,S2A_MSIL2A_20210120T100331_N0500_R122_T31NEH_20230603T115026,115.23433982351847
73,2021-12-21,S2B_MSIL2A_20211221T100329_N0500_R122_T31NEH_20221226T132339,
73,2022-12-26,S2B_MSIL2A_20221226T100329_N0510_R122_T31NEH_20240803T090404,113.68823427086689
73,2023-01-10,S2A_MSIL2A_20230110T100401_N0510_R122_T31NEH_20240810T212703,
73,2024-12-20,S2A_MSIL2A_20241220T100431_N0511_R122_T31NEH_20241220T144159,104.11186674553984
73,2025-01-24,S2B_MSIL2A_20250124T100219_N0511_R022_T31NEH_20250124T125425,100.56102249208182
74,2017-05-21,S2A_MSIL2A_20170521T100031_N0500_R122_T31NFH_20230908T033050,
74,2018-01-01,S2B_MSIL2A_20180101T100409_N0500_R122_T31NEH_20230904T020713,73.63226436713641
74,2018-01-06,S2A_MSIL2A_20180106T100401_N0500_R122_T31NEH_20230802T011345,135.30888529579786
74,2019-01-06,S2B_MSIL2A_20190106T100409_N0500_R122_T31NEH_20221202T051220,121.90395259445548
74,2020-01-26,S2A_MSIL2A_20200126T100321_N0500_R122_T31NEH_20230429T154603,109.20783963270576
74,2021-01-20,S2A_MSIL2A_20210120T100331_N0500_R122_T31NEH_20230603T115026,204.50744177347067
74,2021-12-21,S2B_MSIL2A_20211221T100329_N0500_R122_T31NEH_20221226T132339,
74,2022-12-26,S2B_MSIL2A_20221226T100329_N0510_R122_T31NEH_20240803T090404,97.01194283491236
74,2023-01-10,S2A_MSIL2A_20230110T100401_N0510_R122_T31NEH_20240810T212703,
74,2024-12-20,S2A_MSIL2A_20241220T100431_N0511_R122_T31NEH_20241220T144159,101.99838303326545
74,2025-01-24,S2B_MSIL2A_20250124T100219_N0511_R022_T31NEH_20250124T125425,98.31048194427638
75,2017-05-21,S2A_MSIL2A_20170521T100031_N0500_R122_T31NFH_20230908T033050,
75,2018-01-01,S2B_MSIL2A_20180101T100409_N0500_R122_T31NEH_20230904T020713,92.45352471436433
75,2018-01-06,S2A_MSIL2A_20180106T100401_N0500_R122_T31NEH_20230802T011345,92.45352471424836
75,2019-01-06,S2B_MSIL2A_20190106T100409_N0500_R122_T31NEH_20221202T051220,108.3527687663159
75,2020-01-26,S2A_MSIL2A_20200126T100321_N0500_R122_T31NEH_20230429T154603,120.69477508411343
75,2021-01-20,S2A_MSIL2A_20210120T100331_N0500_R122_T31NEH_20230603T115026,199.4191218371985
75,2021-12-21,S2B_MSIL2A_20211221T100329_N0500_R122_T31NEH_20221226T132339,
75,2022-12-26,S2B_MSIL2A_20221226T100329_N0510_R122_T31NEH_20240803T090404,87.72015073694263
75,2023-01-10,S2A_MSIL2A_20230110T100401_N0510_R122_T31NEH_20240810T212703,
75,2024-12-20,S2A_MSIL2A_20241220T100431_N0511_R122_T31NEH_20241220T144159,98.17081294446808
75,2025-01-24,S2B_MSIL2A_20250124T100219_N0511_R022_T31NEH_20250124T125425,94.34581145388357
76,2017-05-21,S2A_MSIL2A_20170521T100031_N0500_R122_T31NFH_20230908T033050,
76,2018-01-01,S2B_MSIL2A_20180101T100409_N0500_R122_T31NEH_20230904T020713,96.62661344967549
76,2018-01-06,S2A_MSIL2A_20180106T100401_N0500_R122_T31NEH_20230802T011345,73.96243634703391
76,2019-01-06,S2B_MSIL2A_20190106T100409_N0500_R122_T31NEH_20221202T051220,93.88429185130855
76,2020-01-26,S2A_MSIL2A_20200126T100321_N0500_R122_T31NEH_20230429T154603,129.81169930390698
76,2021-01-20,S2A_MSIL2A_20210120T100331_N0500_R122_T31NEH_20230603T115026,240.7974144680325
76,2021-12-21,S2B_MSIL2A_20211221T100329_N0500_R122_T31NEH_20221226T132339,
76,2022-12-26,S2B_MSIL2A_20221226T100329_N0510_R122_T31NEH_20240803T090404,104.10953870728207
76,2023-01-10,S2A_MSIL2A_20230110T100401_N0510_R122_T31NEH_20240810T212703,
76,2024-12-20,S2A_MSIL2A_20241220T100431_N0511_R122_T31NEH_20241220T144159,93.42781525549496
76,2025-01-24,S2B_MSIL2A_20250124T100219_N0511_R022_T31NEH_20250124T125425,89.46577693057735
77,2017-05-21,S2A_MSIL2A_20170521T100031_N0500_R122_T31NFH_20230908T033050,
77,2018-01-01,S2B_MSIL2A_20180101T100409_N0500_R122_T31NEH_20230904T020713,113.64800599169307
77,2018-01-06,S2A_MSIL2A_20180106T100401_N0500_R122_T31NEH_20230802T011345,71.89045906031082
77,2019-01-06,S2B_MSIL2A_20190106T100409_N0500_R122_T31NEH_20221202T051220,94.17001821342984
77,2020-01-26,S2A_MSIL2A_20200126T100321_N0500_R122_T31NEH_20230429T154603,106.36362112665117
77,2021-01-20,S2A_MSIL2A_20210120T100331_N0500_R122_T31NEH_20230603T115026,
77,2021-12-21,S2B_MSIL2A_20211221T100329_N0500_R122_T31NEH_20221226T132339,
77,2022-12-26,S2B_MSIL2A_20221226T100329_N0510_R122_T31NEH_20240803T090404,121.01501791064442
77,2023-01-10,S2A_MSIL2A_20230110T100401_N0510_R122_T31NEH_20240810T212703,
77,2024-12-20,S2A_MSIL2A_20241220T100431_N0511_R122_T31NEH_20241220T144159,89.2001583342508
77,2025-01-24,S2B_MSIL2A_20250124T100219_N0511_R022_T31NEH_20250124T125425,85.10116876289469
78,2017-05-21,S2A_MSIL2A_20170521T100031_N0500_R122_T31NFH_20230908T033050,
78,2018-01-01,S2B_MSIL2A_20180101T100409_N0500_R122_T31NEH_20230904T020713,102.63907980655979
78,2018-01-06,S2A_MSIL2A_20180106T100401_N0500_R122_T31NEH_20230802T011345,69.54397175294793
78,2019-01-06,S2B_MSIL2A_20190106T100409_N0500_R122_T31NEH_20221202T051220,109.136688997572
78,2020-01-26,S2A_MSIL2A_20200126T100321_N0500_R122_T31NEH_20230429T154603,82.64111474539071
78,2021-01-20,S2A_MSIL2A_20210120T100331_N0500_R122_T31NEH_20230603T115026,
78,2021-12-21,S2B_MSIL2A_20211221T100329_N0500_R122_T31NEH_20221226T132339,
78,2022-12-26,S2B_MSIL2A_20221226T100329_N0510_R122_T31NEH_20240803T090404,94.1720050308357
78,2023-01-10,S2A_MSIL2A_20230110T100401_N0510_R122_T31NEH_20240810T212703,90.70619974479872
78,2024-12-20,S2A_MSIL2A_20241220T100431_N0511_R122_T31NEH_20241220T144159,84.69813705539421
78,2025-01-24,S2B_MSIL2A_20250124T100219_N0511_R022_T31NEH_20250124T125425,80.46196970338984
79,2017-05-21,S2A_MSIL2A_20170521T100031_N0500_R122_T31NFH_20230908T033050,
79,2018-01-01,S2B_MSIL2A_20180101T100409_N0500_R122_T31NEH_20230904T020713,87.59330082636113
79,2018-01-06,S2A_MSIL2A_20180106T100401_N0500_R122_T31NEH_20230802T011345,84.6927219561198
79,2019-01-06,S2B_MSIL2A_20190106T100409_N0500_R122_T31NEH_20221202T051220,120.06613027430747
79,2020-01-26,S2A_MSIL2A_20200126T100321_N0500_R122_T31NEH_20230429T154603,55.513264450172436
79,2021-01-20,S2A_MSIL2A_20210120T100331_N0500_R122_T31NEH_20230603T115026,
79,2021-12-21,S2B_MSIL2A_20211221T100329_N0500_R122_T31NEH_20221226T132339,
79,2022-12-26,S2B_MSIL2A_20221226T100329_N0510_R122_T31NEH_20240803T090404,71.64864060471332
79,2023-01-10,S2A_MSIL2A_20230110T100401_N0510_R122_T31NEH_20240810T212703,64.72765205339006
79,2024-12-20,S2A_MSIL2A_20241220T100431_N0511_R122_T31NEH_20241220T144159,76.15996043229681
79,2025-01-24,S2B_MSIL2A_20250124T100219_N0511_R022_T31NEH_20250124T125425,71.78556618320957
80,2017-05-21,S2A_MSIL2A_20170521T100031_N0500_R122_T31NFH_20230908T033050,
80,2018-01-01,S2B_MSIL2A_20180101T100409_N0500_R122_T31NEH_20230904T020713,69.23086578137627
80,2018-01-06,S2A_MSIL2A_20180106T100401_N0500_R122_T31NEH_20230802T011345,91.41334255391068
80,2019-01-06,S2B_MSIL2A_20190106T100409_N0500_R122_T31NEH_20221202T051220,123.58102872926538
80,2020-01-26,S2A_MSIL2A_20200126T100321_N0500_R122_T31NEH_20230429T154603,87.24686824076517
80,2021-01-20,S2A_MSIL2A_20210120T100331_N0500_R122_T31NEH_20230603T115026,
80,2021-12-21,S2B_MSIL2A_20211221T100329_N0500_R122_T31NEH_20221226T132339,
80,2022-12-26,S2B_MSIL2A_20221226T100329_N0510_R122_T31NEH_20240803T090404,63.143342616988804
80,2023-01-10,S2A_MSIL2A_20230110T100401_N0510_R122_T31NEH_20240810T212703,70.53351851040627
80,2024-12-20,S2A_MSIL2A_20241220T100431_N0511_R122_T31NEH_20241220T144159,74.74009513753357
80,2025-01-24,S2B_MSIL2A_20250124T100219_N0511_R022_T31NEH_20250124T125425,81.2913670992031
81,2017-05-21,S2A_MSIL2A_20170521T100031_N0500_R122_T31NFH_20230908T033050,
81,2018-01-01,S2B_MSIL2A_20180101T100409_N0500_R122_T31NEH_20230904T020713,97.6004168157481
81,2018-01-06,S2A_MSIL2A_20180106T100401_N0500_R122_T31NEH_20230802T011345,97.60041681563267
81,2019-01-06,S2B_MSIL2A_20190106T100409_N0500_R122_T31NEH_20221202T051220,119.19519772333807
81,2020-01-26,S2A_MSIL2A_20200126T100321_N0500_R122_T31NEH_20230429T154603,85.64481789099973
81,2021-01-20,S2A_MSIL2A_20210120T100331_N0500_R122_T31NEH_20230603T115026,
81,2021-12-21,S2B_MSIL2A_20211221T100329_N0500_R122_T31NEH_20221226T132339,
81,2022-12-26,S2B_MSIL2A_20221226T100329_N0510_R122_T31NEH_20240803T090404,64.04038355979074
81,2023-01-10,S2A_MSIL2A_20230110T100401_N0510_R122_T31NEH_20240810T212703,39.92145842988395
81,2024-12-20,S2A_MSIL2A_20241220T100431_N0511_R122_T31NEH_20241220T144159,78.86938495019199
81,2025-01-24,S2B_MSIL2A_20250124T100219_N0511_R022_T31NEH_20250124T125425,85.08216443913567
82,2017-05-21,S2A_MSIL2A_20170521T100031_N0500_R122_T31NFH_20230908T033050,
82,2018-01-01,S2B_MSIL2A_20180101T100409_N0500_R122_T31NEH_20230904T020713,85.27261478364895
82,2018-01-06,S2A_MSIL2A_20180106T100401_N0500_R122_T31NEH_20230802T011345,50.25352746520996
82,2019-01-06,S2B_MSIL2A_20190106T100409_N0500_R122_T31NEH_20221202T051220,112.40832516246157
82,2020-01-26,S2A_MSIL2A_20200126T100321_N0500_R122_T31NEH_20230429T154603,101.60791802626395
82,2021-01-20,S2A_MSIL2A_20210120T100331_N0500_R122_T31NEH_20230603T115026,
82,2021-12-21,S2B_MSIL2A_20211221T100329_N0500_R122_T31NEH_20221226T132339,
82,2022-12-26,S2B_MSIL2A_20221226T100329_N0510_R122_T31NEH_20240803T090404,72.39439504463648
82,2023-01-10,S2A_MSIL2A_20230110T100401_N0510_R122_T31NEH_20240810T212703,
82,2024-12-20,S2A_MSIL2A_20241220T100431_N0511_R122_T31NEH_20241220T144159,80.59472216204834
82,2025-01-24,S2B_MSIL2A_20250124T100219_N0511_R022_T31NEH_20250124T125425,86.47104124887643
83,2017-05-21,S2A_MSIL2A_20170521T100031_N0500_R122_T31NFH_20230908T033050,
83,2018-01-01,S2B_MSIL2A_20180101T100409_N0500_R122_T31NEH_20230904T020713,115.15035858848515
83,2018-01-06,S2A_MSIL2A_20180106T100401_N0500_R122_T31NEH_20230802T011345,79.72021734825076
83,2019-01-06,S2B_MSIL2A_20190106T100409_N0500_R122_T31NEH_20221202T051220,120.97781764245003
83,2020-01-26,S2A_MSIL2A_20200126T100321_N0500_R122_T31NEH_20230429T154603,104.88947036201891
83,2021-01-20,S2A_MSIL2A_20210120T100331_N0500_R122_T31NEH_20230603T115026,
83,2021-12-21,S2B_MSIL2A_20211221T100329_N0500_R122_T31NEH_20221226T132339,
83,2022-12-26,S2B_MSIL2A_20221226T100329_N0510_R122_T31NEH_20240803T090404,96.09667718900326
83,2023-01-10,S2A_MSIL2A_20230110T100401_N0510_R122_T31NEH_20240810T212703,
83,2024-12-20,S2A_MSIL2A_20241220T100431_N0511_R122_T31NEH_20241220T144159,97.664351895904
83,2025-01-24,S2B_MSIL2A_20250124T100219_N0511_R022_T31NEH_20250124T125425,103.2087141844899
84,2017-05-21,S2A_MSIL2A_20170521T100031_N0500_R122_T31NFH_20230908T033050,
84,2018-01-01,S2B_MSIL2A_20180101T100409_N0500_R122_T31NEH_20230904T020713,115.84150035120278
84,2018-01-06,S2A_MSIL2A_20180106T100401_N0500_R122_T31NEH_20230802T011345,95.74193028164733
84,2019-01-06,S2B_MSIL2A_20190106T100409_N0500_R122_T31NEH_20221202T051220,115.84150035108694
84,2020-01-26,S2A_MSIL2A_20200126T100321_N0500_R122_T31NEH_20230429T154603,115.84150035120278
84,2021-01-20,S2A_MSIL2A_20210120T100331_N0500_R122_T31NEH_20230603T115026,
84,2021-12-21,S2B_MSIL2A_20211221T100329_N0500_R122_T31NEH_20221226T132339,
84,2022-12-26,S2B_MSIL2A_20221226T100329_N0510_R122_T31NEH_20240803T090404,95.74193028164733
84,2023-01-10,S2A_MSIL2A_20230110T100401_N0510_R122_T31NEH_20240810T212703,
84,2024-12-20,S2A_MSIL2A_20241220T100431_N0511_R122_T31NEH_20241220T144159,95.74193028176316
84,2025-01-24,S2B_MSIL2A_20250124T100219_N0511_R022_T31NEH_20250124T125425,95.74193028176316
85,2017-05-21,S2A_MSIL2A_20170521T100031_N0500_R122_T31NFH_20230908T033050,
85,2018-01-01,S2B_MSIL2A_20180101T100409_N0500_R122_T31NEH_20230904T020713,73.79246438620831
85,2018-01-06,S2A_MSIL2A_20180106T100401_N0500_R122_T31NEH_20230802T011345,53.76215908658357
85,2019-01-06,S2B_MSIL2A_20190106T100409_N0500_R122_T31NEH_20221202T051220,73.79246438609208
85,2020-01-26,S2A_MSIL2A_20200126T100321_N0500_R122_T31NEH_20230429T154603,73.79246438620831
85,2021-01-20,S2A_MSIL2A_20210120T100331_N0500_R122_T31NEH_20230603T115026,
85,2021-12-21,S2B_MSIL2A_20211221T100329_N0500_R122_T31NEH_20221226T132339,
85,2022-12-26,S2B_MSIL2A_20221226T100329_N0510_R122_T31NEH_20240803T090404,53.76215908658357
85,2023-01-10,S2A_MSIL2A_20230110T100401_N0510_R122_T31NEH_20240810T212703,
85,2024-12-20,S2A_MSIL2A_20241220T100431_N0511_R122_T31NEH_20241220T144159,53.76215908669981
85,2025-01-24,S2B_MSIL2A_20250124T100219_N0511_R022_T31NEH_20250124T125425,53.76215908669981
86,2017-05-21,S2A_MSIL2A_20170521T100031_N0500_R122_T31NFH_20230908T033050,
86,2018-01-01,S2B_MSIL2A_20180101T100409_N0500_R122_T31NEH_20230904T020713,59.81904555775541
86,2018-01-06,S2A_MSIL2A_20180106T100401_N0500_R122_T31NEH_20230802T011345,39.81872674055005
86,2019-01-06,S2B_MSIL2A_20190106T100409_N0500_R122_T31NEH_20221202T051220,59.81904555752258
86,2020-01-26,S2A_MSIL2A_20200126T100321_N0500_R122_T31NEH_20230429T154603,59.819045557638994
86,2021-01-20,S2A_MSIL2A_20210120T100331_N0500_R122_T31NEH_20230603T115026,
86,2021-12-21,S2B_MSIL2A_20211221T100329_N0500_R122_T31NEH_20221226T132339,
86,2022-12-26,S2B_MSIL2A_20221226T100329_N0510_R122_T31NEH_20240803T090404,39.81872674043363
86,2023-01-10,S2A_MSIL2A_20230110T100401_N0510_R122_T31NEH_20240810T212703,
86,2024-12-20,S2A_MSIL2A_20241220T100431_N0511_R122_T31NEH_20241220T144159,39.81872674043363
86,2025-01-24,S2B_MSIL2A_20250124T100219_N0511_R022_T31NEH_20250124T125425,39.81872674043363
87,2017-05-21,S2A_MSIL2A_20170521T100031_N0500_R122_T31NFH_20230908T033050,
87,2018-01-01,S2B_MSIL2A_20180101T100409_N0500_R122_T31NEH_20230904T020713,87.43663219891576
87,2018-01-06,S2A_MSIL2A_20180106T100401_N0500_R122_T31NEH_20230802T011345,67.35119979093174
87,2019-01-06,S2B_MSIL2A_20190106T100409_N0500_R122_T31NEH_20221202T051220,87.43663219868392
87,2020-01-26,S2A_MSIL2A_20200126T100321_N0500_R122_T31NEH_20230429T154603,87.43663219879984
87,2021-01-20,S2A_MSIL2A_20210120T100331_N0500_R122_T31NEH_20230603T115026,
87,2021-12-21,S2B_MSIL2A_20211221T100329_N0500_R122_T31NEH_20221226T132339,
87,2022-12-26,S2B_MSIL2A_20221226T100329_N0510_R122_T31NEH_20240803T090404,67.3511997908051
87,2023-01-10,S2A_MSIL2A_20230110T100401_N0510_R122_T31NEH_20240810T212703,
87,2024-12-20,S2A_MSIL2A_20241220T100431_N0511_R122_T31NEH_20241220T144159,67.3511997908051
87,2025-01-24,S2B_MSIL2A_20250124T100219_N0511_R022_T31NEH_20250124T125425,67.3511997908051
88,2017-05-21,S2A_MSIL2A_20170521T100031_N0500_R122_T31NFH_20230908T033050,
88,2018-01-01,S2B_MSIL2A_20180101T100409_N0500_R122_T31NEH_20230904T020713,23.566784644129488
88,2018-01-06,S2A_MSIL2A_20180106T100401_N0500_R122_T31NEH_20230802T011345,23.566784644129488
88,2019-01-06,S2B_MSIL2A_20190106T100409_N0500_R122_T31NEH_20221202T051220,85.7156892475476
88,2020-01-26,S2A_MSIL2A_20200126T100321_N0500_R122_T31NEH_20230429T154603,18.47368834592613
88,2021-01-20,S2A_MSIL2A_20210120T100331_N0500_R122_T31NEH_20230603T115026,
88,2021-12-21,S2B_MSIL2A_20211221T100329_N0500_R122_T31NEH_20221226T132339,
88,2022-12-26,S2B_MSIL2A_20221226T100329_N0510_R122_T31NEH_20240803T090404,
88,2023-01-10,S2A_MSIL2A_20230110T100401_N0510_R122_T31NEH_20240810T212703,
88,2024-12-20,S2A_MSIL2A_20241220T100431_N0511_R122_T31NEH_20241220T144159,
88,2025-01-24,S2B_MSIL2A_20250124T100219_N0511_R022_T31NEH_20250124T125425,183.5625889968174
89,2017-05-21,S2A_MSIL2A_20170521T100031_N0500_R122_T31NFH_20230908T033050,
89,2018-01-01,S2B_MSIL2A_20180101T100409_N0500_R122_T31NEH_20230904T020713,
89,2018-01-06,S2A_MSIL2A_20180106T100401_N0500_R122_T31NEH_20230802T011345,
89,2019-01-06,S2B_MSIL2A_20190106T100409_N0500_R122_T31NEH_20221202T051220,
89,2020-01-26,S2A_MSIL2A_20200126T100321_N0500_R122_T31NEH_20230429T154603,
89,2021-01-20,S2A_MSIL2A_20210120T100331_N0500_R122_T31NEH_20230603T115026,
89,2021-12-21,S2B_MSIL2A_20211221T100329_N0500_R122_T31NEH_20221226T132339,
89,2022-12-26,S2B_MSIL2A_20221226T100329_N0510_R122_T31NEH_20240803T090404,
89,2023-01-10,S2A_MSIL2A_20230110T100401_N0510_R122_T31NEH_20240810T212703,
89,2024-12-20,S2A_MSIL2A_20241220T100431_N0511_R122_T31NEH_20241220T144159,
89,2025-01-24,S2B_MSIL2A_20250124T100219_N0511_R022_T31NEH_20250124T125425,
90,2017-05-21,S2A_MSIL2A_20170521T100031_N0500_R122_T31NFH_20230908T033050,
90,2018-01-01,S2B_MSIL2A_20180101T100409_N0500_R122_T31NEH_20230904T020713,
90,2018-01-06,S2A_MSIL2A_20180106T100401_N0500_R122_T31NEH_20230802T011345,
90,2019-01-06,S2B_MSIL2A_20190106T100409_N0500_R122_T31NEH_20221202T051220,
90,2020-01-26,S2A_MSIL2A_20200126T100321_N0500_R122_T31NEH_20230429T154603,
90,2021-01-20,S2A_MSIL2A_20210120T100331_N0500_R122_T31NEH_20230603T115026,
90,2021-12-21,S2B_MSIL2A_20211221T100329_N0500_R122_T31NEH_20221226T132339,
90,2022-12-26,S2B_MSIL2A_20221226T100329_N0510_R122_T31NEH_20240803T090404,
90,2023-01-10,S2A_MSIL2A_20230110T100401_N0510_R122_T31NEH_20240810T212703,
90,2024-12-20,S2A_MSIL2A_20241220T100431_N0511_R122_T31NEH_20241220T144159,
90,2025-01-24,S2B_MSIL2A_20250124T100219_N0511_R022_T31NEH_20250124T125425,
91,2017-05-21,S2A_MSIL2A_20170521T100031_N0500_R122_T31NFH_20230908T033050,
91,2018-01-01,S2B_MSIL2A_20180101T100409_N0500_R122_T31NEH_20230904T020713,
91,2018-01-06,S2A_MSIL2A_20180106T100401_N0500_R122_T31NEH_20230802T011345,
91,2019-01-06,S2B_MSIL2A_20190106T100409_N0500_R122_T31NEH_20221202T051220,
91,2020-01-26,S2A_MSIL2A_20200126T100321_N0500_R122_T31NEH_20230429T154603,
91,2021-01-20,S2A_MSIL2A_20210120T100331_N0500_R122_T31NEH_20230603T115026,
91,2021-12-21,S2B_MSIL2A_20211221T100329_N0500_R122_T31NEH_20221226T132339,
91,2022-12-26,S2B_MSIL2A_20221226T100329_N0510_R122_T31NEH_20240803T090404,
91,2023-01-10,S2A_MSIL2A_20230110T100401_N0510_R122_T31NEH_20240810T212703,
91,2024-12-20,S2A_MSIL2A_20241220T100431_N0511_R122_T31NEH_20241220T144159,
91,2025-01-24,S2B_MSIL2A_20250124T100219_N0511_R022_T31NEH_20250124T125425,
92,2017-05-21,S2A_MSIL2A_20170521T100031_N0500_R122_T31NFH_20230908T033050,
92,2018-01-01,S2B_MSIL2A_20180101T100409_N0500_R122_T31NEH_20230904T020713,
92,2018-01-06,S2A_MSIL2A_20180106T100401_N0500_R122_T31NEH_20230802T011345,
92,2019-01-06,S2B_MSIL2A_20190106T100409_N0500_R122_T31NEH_20221202T051220,
92,2020-01-26,S2A_MSIL2A_20200126T100321_N0500_R122_T31NEH_20230429T154603,
92,2021-01-20,S2A_MSIL2A_20210120T100331_N0500_R122_T31NEH_20230603T115026,
92,2021-12-21,S2B_MSIL2A_20211221T100329_N0500_R122_T31NEH_20221226T132339,
92,2022-12-26,S2B_MSIL2A_20221226T100329_N0510_R122_T31NEH_20240803T090404,
92,2023-01-10,S2A_MSIL2A_20230110T100401_N0510_R122_T31NEH_20240810T212703,
92,2024-12-20,S2A_MSIL2A_20241220T100431_N0511_R122_T31NEH_20241220T144159,
92,2025-01-24,S2B_MSIL2A_20250124T100219_N0511_R022_T31NEH_20250124T125425,166.8955460656358
93,2017-05-21,S2A_MSIL2A_20170521T100031_N0500_R122_T31NFH_20230908T033050,
93,2018-01-01,S2B_MSIL2A_20180101T100409_N0500_R122_T31NEH_20230904T020713,115.6297494845848
93,2018-01-06,S2A_MSIL2A_20180106T100401_N0500_R122_T31NEH_20230802T011345,
93,2019-01-06,S2B_MSIL2A_20190106T100409_N0500_R122_T31NEH_20221202T051220,
93,2020-01-26,S2A_MSIL2A_20200126T100321_N0500_R122_T31NEH_20230429T154603,
93,2021-01-20,S2A_MSIL2A_20210120T100331_N0500_R122_T31NEH_20230603T115026,
93,2021-12-21,S2B_MSIL2A_20211221T100329_N0500_R122_T31NEH_20221226T132339,
93,2022-12-26,S2B_MSIL2A_20221226T100329_N0510_R122_T31NEH_20240803T090404,
93,2023-01-10,S2A_MSIL2A_20230110T100401_N0510_R122_T31NEH_20240810T212703,
93,2024-12-20,S2A_MSIL2A_20241220T100431_N0511_R122_T31NEH_20241220T144159,
93,2025-01-24,S2B_MSIL2A_20250124T100219_N0511_R022_T31NEH_20250124T125425,655.0657308379388
94,2017-05-21,S2A_MSIL2A_20170521T100031_N0500_R122_T31NFH_20230908T033050,
94,2018-01-01,S2B_MSIL2A_20180101T100409_N0500_R122_T31NEH_20230904T020713,268.0365345292819
94,2018-01-06,S2A_MSIL2A_20180106T100401_N0500_R122_T31NEH_20230802T011345,4.137474893373309
94,2019-01-06,S2B_MSIL2A_20190106T100409_N0500_R122_T31NEH_20221202T051220,20.636073889707916
94,2020-01-26,S2A_MSIL2A_20200126T100321_N0500_R122_T31NEH_20230429T154603,
94,2021-01-20,S2A_MSIL2A_20210120T100331_N0500_R122_T31NEH_20230603T115026,
94,2021-12-21,S2B_MSIL2A_20211221T100329_N0500_R122_T31NEH_20221226T132339,
94,2022-12-26,S2B_MSIL2A_20221226T100329_N0510_R122_T31NEH_20240803T090404,
94,2023-01-10,S2A_MSIL2A_20230110T100401_N0510_R122_T31NEH_20240810T212703,5.232019514291002
94,2024-12-20,S2A_MSIL2A_20241220T100431_N0511_R122_T31NEH_20241220T144159,6.60299659627645
94,2025-01-24,S2B_MSIL2A_20250124T100219_N0511_R022_T31NEH_20250124T125425,636.6356387671407
95,2017-05-21,S2A_MSIL2A_20170521T100031_N0500_R122_T31NFH_20230908T033050,
95,2018-01-01,S2B_MSIL2A_20180101T100409_N0500_R122_T31NEH_20230904T020713,286.47726340195294
95,2018-01-06,S2A_MSIL2A_20180106T100401_N0500_R122_T31NEH_20230802T011345,
95,2019-01-06,S2B_MSIL2A_20190106T100409_N0500_R122_T31NEH_20221202T051220,31.12892300394546
95,2020-01-26,S2A_MSIL2A_20200126T100321_N0500_R122_T31NEH_20230429T154603,
95,2021-01-20,S2A_MSIL2A_20210120T100331_N0500_R122_T31NEH_20230603T115026,
95,2021-12-21,S2B_MSIL2A_20211221T100329_N0500_R122_T31NEH_20221226T132339,
95,2022-12-26,S2B_MSIL2A_20221226T100329_N0510_R122_T31NEH_20240803T090404,
95,2023-01-10,S2A_MSIL2A_20230110T100401_N0510_R122_T31NEH_20240810T212703,
95,2024-12-20,S2A_MSIL2A_20241220T100431_N0511_R122_T31NEH_20241220T144159,14.654046787947157
95,2025-01-24,S2B_MSIL2A_20250124T100219_N0511_R022_T31NEH_20250124T125425,574.9782746697564
96,2017-05-21,S2A_MSIL2A_20170521T100031_N0500_R122_T31NFH_20230908T033050,
96,2018-01-01,S2B_MSIL2A_20180101T100409_N0500_R122_T31NEH_20230904T020713,358.910780116957
96,2018-01-06,S2A_MSIL2A_20180106T100401_N0500_R122_T31NEH_20230802T011345,34.12593301347181
96,2019-01-06,S2B_MSIL2A_20190106T100409_N0500_R122_T31NEH_20221202T051220,31.001995431859005
96,2020-01-26,S2A_MSIL2A_20200126T100321_N0500_R122_T31NEH_20230429T154603,7.049832472958012
96,2021-01-20,S2A_MSIL2A_20210120T100331_N0500_R122_T31NEH_20230603T115026,
96,2021-12-21,S2B_MSIL2A_20211221T100329_N0500_R122_T31NEH_20221226T132339,
96,2022-12-26,S2B_MSIL2A_20221226T100329_N0510_R122_T31NEH_20240803T090404,13.60304471550746
96,2023-01-10,S2A_MSIL2A_20230110T100401_N0510_R122_T31NEH_20240810T212703,
96,2024-12-20,S2A_MSIL2A_20241220T100431_N0511_R122_T31NEH_20241220T144159,12.096724234789495
96,2025-01-24,S2B_MSIL2A_20250124T100219_N0511_R022_T31NEH_20250124T125425,498.9774229035653
97,2017-05-21,S2A_MSIL2A_20170521T100031_N0500_R122_T31NFH_20230908T033050,
97,2018-01-01,S2B_MSIL2A_20180101T100409_N0500_R122_T31NEH_20230904T020713,219.33458159133295
97,2018-01-06,S2A_MSIL2A_20180106T100401_N0500_R122_T31NEH_20230802T011345,124.64988162884049
97,2019-01-06,S2B_MSIL2A_20190106T100409_N0500_R122_T31NEH_20221202T051220,156.32149287642352
97,2020-01-26,S2A_MSIL2A_20200126T100321_N0500_R122_T31NEH_20230429T154603,122.62772913134047
97,2021-01-20,S2A_MSIL2A_20210120T100331_N0500_R122_T31NEH_20230603T115026,556.0274940379637
97,2021-12-21,S2B_MSIL2A_20211221T100329_N0500_R122_T31NEH_20221226T132339,
97,2022-12-26,S2B_MSIL2A_20221226T100329_N0510_R122_T31NEH_20240803T090404,130.82642678028031
97,2023-01-10,S2A_MSIL2A_20230110T100401_N0510_R122_T31NEH_20240810T212703,90.90480038231318
97,2024-12-20,S2A_MSIL2A_20241220T100431_N0511_R122_T31NEH_20241220T144159,142.61144312952803
97,2025-01-24,S2B_MSIL2A_20250124T100219_N0511_R022_T31NEH_20250124T125425,476.7684885375248
98,2017-05-21,S2A_MSIL2A_20170521T100031_N0500_R122_T31NFH_20230908T033050,
98,2018-01-01,S2B_MSIL2A_20180101T100409_N0500_R122_T31NEH_20230904T020713,363.079237087199
98,2018-01-06,S2A_MSIL2A_20180106T100401_N0500_R122_T31NEH_20230802T011345,381.16967563365034
98,2019-01-06,S2B_MSIL2A_20190106T100409_N0500_R122_T31NEH_20221202T051220,391.624606108264
98,2020-01-26,S2A_MSIL2A_20200126T100321_N0500_R122_T31NEH_20230429T154603,353.5218168385729
98,2021-01-20,S2A_MSIL2A_20210120T100331_N0500_R122_T31NEH_20230603T115026,311.488051304139
98,2021-12-21,S2B_MSIL2A_20211221T100329_N0500_R122_T31NEH_20221226T132339,
98,2022-12-26,S2B_MSIL2A_20221226T100329_N0510_R122_T31NEH_20240803T090404,363.7924104882435
98,2023-01-10,S2A_MSIL2A_20230110T100401_N0510_R122_T31NEH_20240810T212703,272.94917959857173
98,2024-12-20,S2A_MSIL2A_20241220T100431_N0511_R122_T31NEH_20241220T144159,350.9756050962426
98,2025-01-24,S2B_MSIL2A_20250124T100219_N0511_R022_T31NEH_20250124T125425,356.6414431764255
99,2017-05-21,S2A_MSIL2A_20170521T100031_N0500_R122_T31NFH_20230908T033050,
99,2018-01-01,S2B_MSIL2A_20180101T100409_N0500_R122_T31NEH_20230904T020713,151.55927279568368
99,2018-01-06,S2A_MSIL2A_20180106T100401_N0500_R122_T31NEH_20230802T011345,644.9506514175645
99,2019-01-06,S2B_MSIL2A_20190106T100409_N0500_R122_T31NEH_20221202T051220,626.1435905917511
99,2020-01-26,S2A_MSIL2A_20200126T100321_N0500_R122_T31NEH_20230429T154603,615.9200757525837
99,2021-01-20,S2A_MSIL2A_20210120T100331_N0500_R122_T31NEH_20230603T115026,
99,2021-12-21,S2B_MSIL2A_20211221T100329_N0500_R122_T31NEH_20221226T132339,
99,2022-12-26,S2B_MSIL2A_20221226T100329_N0510_R122_T31NEH_20240803T090404,597.5214192131248
99,2023-01-10,S2A_MSIL2A_20230110T100401_N0510_R122_T31NEH_20240810T212703,363.53622377411625
99,2024-12-20,S2A_MSIL2A_20241220T100431_N0511_R122_T31NEH_20241220T144159,611.8888883816919
99,2025-01-24,S2B_MSIL2A_20250124T100219_N0511_R022_T31NEH_20250124T125425,632.2277302579713
100,2017-05-21,S2A_MSIL2A_20170521T100031_N0500_R122_T31NFH_20230908T033050,
100,2018-01-01,S2B_MSIL2A_20180101T100409_N0500_R122_T31NEH_20230904T020713,
100,2018-01-06,S2A_MSIL2A_20180106T100401_N0500_R122_T31NEH_20230802T011345,560.0452183775709
100,2019-01-06,S2B_MSIL2A_20190106T100409_N0500_R122_T31NEH_20221202T051220,208.95670917721193
100,2020-01-26,S2A_MSIL2A_20200126T100321_N0500_R122_T31NEH_20230429T154603,
100,2021-01-20,S2A_MSIL2A_20210120T100331_N0500_R122_T31NEH_20230603T115026,
100,2021-12-21,S2B_MSIL2A_20211221T100329_N0500_R122_T31NEH_20221226T132339,
100,2022-12-26,S2B_MSIL2A_20221226T100329_N0510_R122_T31NEH_20240803T090404,35.47514940959388
100,2023-01-10,S2A_MSIL2A_20230110T100401_N0510_R122_T31NEH_20240810T212703,
100,2024-12-20,S2A_MSIL2A_20241220T100431_N0511_R122_T31NEH_20241220T144159,120.12064591051286
100,2025-01-24,S2B_MSIL2A_20250124T100219_N0511_R022_T31NEH_20250124T125425,34.76243114376416
101,2017-05-21,S2A_MSIL2A_20170521T100031_N0500_R122_T31NFH_20230908T033050,
101,2018-01-01,S2B_MSIL2A_20180101T100409_N0500_R122_T31NEH_20230904T020713,
101,2018-01-06,S2A_MSIL2A_20180106T100401_N0500_R122_T31NEH_20230802T011345,
101,2019-01-06,S2B_MSIL2A_20190106T100409_N0500_R122_T31NEH_20221202T051220,
101,2020-01-26,S2A_MSIL2A_20200126T100321_N0500_R122_T31NEH_20230429T154603,
101,2021-01-20,S2A_MSIL2A_20210120T100331_N0500_R122_T31NEH_20230603T115026,
101,2021-12-21,S2B_MSIL2A_20211221T100329_N0500_R122_T31NEH_20221226T132339,
101,2022-12-26,S2B_MSIL2A_20221226T100329_N0510_R122_T31NEH_20240803T090404,
101,2023-01-10,S2A_MSIL2A_20230110T100401_N0510_R122_T31NEH_20240810T212703,
101,2024-12-20,S2A_MSIL2A_20241220T100431_N0511_R122_T31NEH_20241220T144159,28.480790711345243
101,2025-01-24,S2B_MSIL2A_20250124T100219_N0511_R022_T31NEH_20250124T125425,28.480790711236022
102,2017-05-21,S2A_MSIL2A_20170521T100031_N0500_R122_T31NFH_20230908T033050,
102,2018-01-01,S2B_MSIL2A_20180101T100409_N0500_R122_T31NEH_20230904T020713,
102,2018-01-06,S2A_MSIL2A_20180106T100401_N0500_R122_T31NEH_20230802T011345,
102,2019-01-06,S2B_MSIL2A_20190106T100409_N0500_R122_T31NEH_20221202T051220,17.548940718075112
102,2020-01-26,S2A_MSIL2A_20200126T100321_N0500_R122_T31NEH_20230429T154603,
102,2021-01-20,S2A_MSIL2A_20210120T100331_N0500_R122_T31NEH_20230603T115026,
102,2021-12-21,S2B_MSIL2A_20211221T100329_N0500_R122_T31NEH_20221226T132339,
102,2022-12-26,S2B_MSIL2A_20221226T100329_N0510_R122_T31NEH_20240803T090404,
102,2023-01-10,S2A_MSIL2A_20230110T100401_N0510_R122_T31NEH_20240810T212703,
102,2024-12-20,S2A_MSIL2A_20241220T100431_N0511_R122_T31NEH_20241220T144159,53.96865721249341
102,2025-01-24,S2B_MSIL2A_20250124T100219_N0511_R022_T31NEH_20250124T125425,53.55754695166864
103,2017-05-21,S2A_MSIL2A_20170521T100031_N0500_R122_T31NFH_20230908T033050,
103,2018-01-01,S2B_MSIL2A_20180101T100409_N0500_R122_T31NEH_20230904T020713,50.64138946399812
103,2018-01-06,S2A_MSIL2A_20180106T100401_N0500_R122_T31NEH_20230802T011345,49.59675319057122
103,2019-01-06,S2B_MSIL2A_20190106T100409_N0500_R122_T31NEH_20221202T051220,70.85731703082905
103,2020-01-26,S2A_MSIL2A_20200126T100321_N0500_R122_T31NEH_20230429T154603,64.06180393584084
103,2021-01-20,S2A_MSIL2A_20210120T100331_N0500_R122_T31NEH_20230603T115026,70.85731703082905
103,2021-12-21,S2B_MSIL2A_20211221T100329_N0500_R122_T31NEH_20221226T132339,
103,2022-12-26,S2B_MSIL2A_20221226T100329_N0510_R122_T31NEH_20240803T090404,50.64138946411329
103,2023-01-10,S2A_MSIL2A_20230110T100401_N0510_R122_T31NEH_20240810T212703,50.64138946411329
103,2024-12-20,S2A_MSIL2A_20241220T100431_N0511_R122_T31NEH_20241220T144159,144.93529681017876
103,2025-01-24,S2B_MSIL2A_20250124T100219_N0511_R022_T31NEH_20250124T125425,143.5644493559895
104,2017-05-21,S2A_MSIL2A_20170521T100031_N0500_R122_T31NFH_20230908T033050,
104,2018-01-01,S2B_MSIL2A_20180101T100409_N0500_R122_T31NEH_20230904T020713,110.02376370857232
104,2018-01-06,S2A_MSIL2A_20180106T100401_N0500_R122_T31NEH_20230802T011345,106.13514340516855
104,2019-01-06,S2B_MSIL2A_20190106T100409_N0500_R122_T31NEH_20221202T051220,130.0968024006712
104,2020-01-26,S2A_MSIL2A_20200126T100321_N0500_R122_T31NEH_20230429T154603,97.7585585678902
104,2021-01-20,S2A_MSIL2A_20210120T100331_N0500_R122_T31NEH_20230603T115026,130.0968024006712
104,2021-12-21,S2B_MSIL2A_20211221T100329_N0500_R122_T31NEH_20221226T132339,
104,2022-12-26,S2B_MSIL2A_20221226T100329_N0510_R122_T31NEH_20240803T090404,110.02376370868832
104,2023-01-10,S2A_MSIL2A_20230110T100401_N0510_R122_T31NEH_20240810T212703,110.02376370868832
104,2024-12-20,S2A_MSIL2A_20241220T100431_N0511_R122_T31NEH_20241220T144159,197.83707247920398
104,2025-01-24,S2B_MSIL2A_20250124T100219_N0511_R022_T31NEH_20250124T125425,195.53303779961703
105,2017-05-21,S2A_MSIL2A_20170521T100031_N0500_R122_T31NFH_20230908T033050,
105,2018-01-01,S2B_MSIL2A_20180101T100409_N0500_R122_T31NEH_20230904T020713,140.6639723957464
105,2018-01-06,S2A_MSIL2A_20180106T100401_N0500_R122_T31NEH_20230802T011345,133.96932036532797
105,2019-01-06,S2B_MSIL2A_20190106T100409_N0500_R122_T31NEH_20221202T051220,160.67812982450667
105,2020-01-26,S2A_MSIL2A_20200126T100321_N0500_R122_T31NEH_20230429T154603,119.62269598303489
105,2021-01-20,S2A_MSIL2A_20210120T100331_N0500_R122_T31NEH_20230603T115026,160.67812982450667
105,2021-12-21,S2B_MSIL2A_20211221T100329_N0500_R122_T31NEH_20221226T132339,
105,2022-12-26,S2B_MSIL2A_20221226T100329_N0510_R122_T31NEH_20240803T090404,140.66397239586274
105,2023-01-10,S2A_MSIL2A_20230110T100401_N0510_R122_T31NEH_20240810T212703,140.66397239586274
105,2024-12-20,S2A_MSIL2A_20241220T100431_N0511_R122_T31NEH_20241220T144159,222.4568551268131
105,2025-01-24,S2B_MSIL2A_20250124T100219_N0511_R022_T31NEH_20250124T125425,207.74265535465216
106,2017-05-21,S2A_MSIL2A_20170521T100031_N0500_R122_T31NFH_20230908T033050,
106,2018-01-01,S2B_MSIL2A_20180101T100409_N0500_R122_T31NEH_20230904T020713,150.38588424899368
106,2018-01-06,S2A_MSIL2A_20180106T100401_N0500_R122_T31NEH_20230802T011345,140.88651958150382
106,2019-01-06,S2B_MSIL2A_20190106T100409_N0500_R122_T31NEH_20221202T051220,170.38592779127393
106,2020-01-26,S2A_MSIL2A_20200126T100321_N0500_R122_T31NEH_20230429T154603,127.88256181733887
106,2021-01-20,S2A_MSIL2A_20210120T100331_N0500_R122_T31NEH_20230603T115026,170.38592779127393
106,2021-12-21,S2B_MSIL2A_20211221T100329_N0500_R122_T31NEH_20221226T132339,
106,2022-12-26,S2B_MSIL2A_20221226T100329_N0510_R122_T31NEH_20240803T090404,150.3858842491101
106,2023-01-10,S2A_MSIL2A_20230110T100401_N0510_R122_T31NEH_20240810T212703,150.3858842491101
106,2024-12-20,S2A_MSIL2A_20241220T100431_N0511_R122_T31NEH_20241220T144159,162.69227635301024
106,2025-01-24,S2B_MSIL2A_20250124T100219_N0511_R022_T31NEH_20250124T125425,159.07160857869323
107,2017-05-21,S2A_MSIL2A_20170521T100031_N0500_R122_T31NFH_20230908T033050,
107,2018-01-01,S2B_MSIL2A_20180101T100409_N0500_R122_T31NEH_20230904T020713,145.41298095855842
107,2018-01-06,S2A_MSIL2A_20180106T100401_N0500_R122_T31NEH_20230802T011345,133.09860939774688
107,2019-01-06,S2B_MSIL2A_20190106T100409_N0500_R122_T31NEH_20221202T051220,165.41764770533226
107,2020-01-26,S2A_MSIL2A_20200126T100321_N0500_R122_T31NEH_20230429T154603,121.42648843641642
107,2021-01-20,S2A_MSIL2A_20210120T100331_N0500_R122_T31NEH_20230603T115026,165.41764770521587
107,2021-12-21,S2B_MSIL2A_20211221T100329_N0500_R122_T31NEH_20221226T132339,
107,2022-12-26,S2B_MSIL2A_20221226T100329_N0510_R122_T31NEH_20240803T090404,145.4129809586748
107,2023-01-10,S2A_MSIL2A_20230110T100401_N0510_R122_T31NEH_20240810T212703,145.4129809586748
107,2024-12-20,S2A_MSIL2A_20241220T100431_N0511_R122_T31NEH_20241220T144159,144.10052917718218
107,2025-01-24,S2B_MSIL2A_20250124T100219_N0511_R022_T31NEH_20250124T125425,143.37868340590745
108,2017-05-21,S2A_MSIL2A_20170521T100031_N0500_R122_T31NFH_20230908T033050,
108,2018-01-01,S2B_MSIL2A_20180101T100409_N0500_R122_T31NEH_20230904T020713,131.9131827136907
108,2018-01-06,S2A_MSIL2A_20180106T100401_N0500_R122_T31NEH_20230802T011345,116.7771343645336
108,2019-01-06,S2B_MSIL2A_20190106T100409_N0500_R122_T31NEH_20221202T051220,151.9233334939269
108,2020-01-26,S2A_MSIL2A_20200126T100321_N0500_R122_T31NEH_20230429T154603,106.43986140248563
108,2021-01-20,S2A_MSIL2A_20210120T100331_N0500_R122_T31NEH_20230603T115026,151.92333349381053
108,2021-12-21,S2B_MSIL2A_20211221T100329_N0500_R122_T31NEH_20221226T132339,
108,2022-12-26,S2B_MSIL2A_20221226T100329_N0510_R122_T31NEH_20240803T090404,131.9131827136907
108,2023-01-10,S2A_MSIL2A_20230110T100401_N0510_R122_T31NEH_20240810T212703,131.9131827136907
108,2024-12-20,S2A_MSIL2A_20241220T100431_N0511_R122_T31NEH_20241220T144159,128.12450681942812
108,2025-01-24,S2B_MSIL2A_20250124T100219_N0511_R022_T31NEH_20250124T125425,127.48536404020945
109,2017-05-21,S2A_MSIL2A_20170521T100031_N0500_R122_T31NFH_20230908T033050,
109,2018-01-01,S2B_MSIL2A_20180101T100409_N0500_R122_T31NEH_20230904T020713,115.96099040932545
109,2018-01-06,S2A_MSIL2A_20180106T100401_N0500_R122_T31NEH_20230802T011345,98.00558267342466
109,2019-01-06,S2B_MSIL2A_20190106T100409_N0500_R122_T31NEH_20221202T051220,135.97014980968333
109,2020-01-26,S2A_MSIL2A_20200126T100321_N0500_R122_T31NEH_20230429T154603,89.00812534916213
109,2021-01-20,S2A_MSIL2A_20210120T100331_N0500_R122_T31NEH_20230603T115026,135.97014980956695
109,2021-12-21,S2B_MSIL2A_20211221T100329_N0500_R122_T31NEH_20221226T132339,
109,2022-12-26,S2B_MSIL2A_20221226T100329_N0510_R122_T31NEH_20240803T090404,115.96099040932545
109,2023-01-10,S2A_MSIL2A_20230110T100401_N0510_R122_T31NEH_20240810T212703,115.96099040920909
109,2024-12-20,S2A_MSIL2A_20241220T100431_N0511_R122_T31NEH_20241220T144159,109.69439746849129
109,2025-01-24,S2B_MSIL2A_20250124T100219_N0511_R022_T31NEH_20250124T125425,109.13830198283995
110,2017-05-21,S2A_MSIL2A_20170521T100031_N0500_R122_T31NFH_20230908T033050,
110,2018-01-01,S2B_MSIL2A_20180101T100409_N0500_R122_T31NEH_20230904T020713,102.83744248351411
110,2018-01-06,S2A_MSIL2A_20180106T100401_N0500_R122_T31NEH_20230802T011345,82.06911596936462
110,2019-01-06,S2B_MSIL2A_20190106T100409_N0500_R122_T31NEH_20221202T051220,122.84097447329694
110,2020-01-26,S2A_MSIL2A_20200126T100321_N0500_R122_T31NEH_20230429T154603,74.41268708913346
110,2021-01-20,S2A_MSIL2A_20210120T100331_N0500_R122_T31NEH_20230603T115026,122.84097447318055
110,2021-12-21,S2B_MSIL2A_20211221T100329_N0500_R122_T31NEH_20221226T132339,
110,2022-12-26,S2B_MSIL2A_20221226T100329_N0510_R122_T31NEH_20240803T090404,102.83744248351411
110,2023-01-10,S2A_MSIL2A_20230110T100401_N0510_R122_T31NEH_20240810T212703,102.83744248339772
110,2024-12-20,S2A_MSIL2A_20241220T100431_N0511_R122_T31NEH_20241220T144159,94.09579470717992
110,2025-01-24,S2B_MSIL2A_20250124T100219_N0511_R022_T31NEH_20250124T125425,93.62284920372684
111,2017-05-21,S2A_MSIL2A_20170521T100031_N0500_R122_T31NFH_20230908T033050,
111,2018-01-01,S2B_MSIL2A_20180101T100409_N0500_R122_T31NEH_20230904T020713,96.57891401961506
111,2018-01-06,S2A_MSIL2A_20180106T100401_N0500_R122_T31NEH_20230802T011345,72.99924126820338
111,2019-01-06,S2B_MSIL2A_20190106T100409_N0500_R122_T31NEH_20221202T051220,116.13477574087591
111,2020-01-26,S2A_MSIL2A_20200126T100321_N0500_R122_T31NEH_20230429T154603,66.68125227305376
111,2021-01-20,S2A_MSIL2A_20210120T100331_N0500_R122_T31NEH_20230603T115026,110.71606898079412
111,2021-12-21,S2B_MSIL2A_20211221T100329_N0500_R122_T31NEH_20221226T132339,
111,2022-12-26,S2B_MSIL2A_20221226T100329_N0510_R122_T31NEH_20240803T090404,96.57891401961506
111,2023-01-10,S2A_MSIL2A_20230110T100401_N0510_R122_T31NEH_20240810T212703,96.57891401949864
111,2024-12-20,S2A_MSIL2A_20241220T100431_N0511_R122_T31NEH_20241220T144159,85.36421301550189
111,2025-01-24,S2B_MSIL2A_20250124T100219_N0511_R022_T31NEH_20250124T125425,84.9742707925956
112,2017-05-21,S2A_MSIL2A_20170521T100031_N0500_R122_T31NFH_20230908T033050,
112,2018-01-01,S2B_MSIL2A_20180101T100409_N0500_R122_T31NEH_20230904T020713,98.96062303918784
112,2018-01-06,S2A_MSIL2A_20180106T100401_N0500_R122_T31NEH_20230802T011345,72.56363864838995
112,2019-01-06,S2B_MSIL2A_20190106T100409_N0500_R122_T31NEH_20221202T051220,109.74295906804048
112,2020-01-26,S2A_MSIL2A_20200126T100321_N0500_R122_T31NEH_20230429T154603,67.58164715630069
112,2021-01-20,S2A_MSIL2A_20210120T100331_N0500_R122_T31NEH_20230603T115026,102.82327662034281
112,2021-12-21,S2B_MSIL2A_20211221T100329_N0500_R122_T31NEH_20221226T132339,
112,2022-12-26,S2B_MSIL2A_20221226T100329_N0510_R122_T31NEH_20240803T090404,98.96062303918784
112,2023-01-10,S2A_MSIL2A_20230110T100401_N0510_R122_T31NEH_20240810T212703,98.96062303907144
112,2024-12-20,S2A_MSIL2A_20241220T100431_N0511_R122_T31NEH_20241220T144159,85.2703656571603
112,2025-01-24,S2B_MSIL2A_20250124T100219_N0511_R022_T31NEH_20250124T125425,84.96327217330459
113,2017-05-21,S2A_MSIL2A_20170521T100031_N0500_R122_T31NFH_20230908T033050,
113,2018-01-01,S2B_MSIL2A_20180101T100409_N0500_R122_T31NEH_20230904T020713,104.05545964709756
113,2018-01-06,S2A_MSIL2A_20180106T100401_N0500_R122_T31NEH_20230802T011345,79.64834212728333
113,2019-01-06,S2B_MSIL2A_20190106T100409_N0500_R122_T31NEH_20221202T051220,110.87677261566958
113,2020-01-26,S2A_MSIL2A_20200126T100321_N0500_R122_T31NEH_20230429T154603,76.00289971273531
113,2021-01-20,S2A_MSIL2A_20210120T100331_N0500_R122_T31NEH_20230603T115026,102.45527859135252
113,2021-12-21,S2B_MSIL2A_20211221T100329_N0500_R122_T31NEH_20221226T132339,
113,2022-12-26,S2B_MSIL2A_20221226T100329_N0510_R122_T31NEH_20240803T090404,108.86743787989641
113,2023-01-10,S2A_MSIL2A_20230110T100401_N0510_R122_T31NEH_20240810T212703,108.86743787977707
113,2024-12-20,S2A_MSIL2A_20241220T100431_N0511_R122_T31NEH_20241220T144159,92.69862668699528
113,2025-01-24,S2B_MSIL2A_20250124T100219_N0511_R022_T31NEH_20250124T125425,92.47439496249596
114,2017-05-21,S2A_MSIL2A_20170521T100031_N0500_R122_T31NFH_20230908T033050,
114,2018-01-01,S2B_MSIL2A_20180101T100409_N0500_R122_T31NEH_20230904T020713,106.85249688128175
114,2018-01-06,S2A_MSIL2A_20180106T100401_N0500_R122_T31NEH_20230802T011345,89.43187633794744
114,2019-01-06,S2B_MSIL2A_20190106T100409_N0500_R122_T31NEH_20221202T051220,114.7056695009471
114,2020-01-26,S2A_MSIL2A_20200126T100321_N0500_R122_T31NEH_20230429T154603,87.12444674709245
114,2021-01-20,S2A_MSIL2A_20210120T100331_N0500_R122_T31NEH_20230603T115026,104.78240185974951
114,2021-12-21,S2B_MSIL2A_20211221T100329_N0500_R122_T31NEH_20221226T132339,
114,2022-12-26,S2B_MSIL2A_20221226T100329_N0510_R122_T31NEH_20240803T090404,117.5235849133196
114,2023-01-10,S2A_MSIL2A_20230110T100401_N0510_R122_T31NEH_20240810T212703,121.4709354275045
114,2024-12-20,S2A_MSIL2A_20241220T100431_N0511_R122_T31NEH_20241220T144159,102.82452920233986
114,2025-01-24,S2B_MSIL2A_20250124T100219_N0511_R022_T31NEH_20250124T125425,102.68322821264053
115,2017-05-21,S2A_MSIL2A_20170521T100031_N0500_R122_T31NFH_20230908T033050,
115,2018-01-01,S2B_MSIL2A_20180101T100409_N0500_R122_T31NEH_20230904T020713,112.38044125668702
115,2018-01-06,S2A_MSIL2A_20180106T100401_N0500_R122_T31NEH_20230802T011345,101.9463666205762
115,2019-01-06,S2B_MSIL2A_20190106T100409_N0500_R122_T31NEH_20221202T051220,121.26662159084741
115,2020-01-26,S2A_MSIL2A_20200126T100321_N0500_R122_T31NEH_20230429T154603,100.97704012402497
115,2021-01-20,S2A_MSIL2A_20210120T100331_N0500_R122_T31NEH_20230603T115026,109.84011963063466
115,2021-12-21,S2B_MSIL2A_20211221T100329_N0500_R122_T31NEH_20221226T132339,
115,2022-12-26,S2B_MSIL2A_20221226T100329_N0510_R122_T31NEH_20240803T090404,114.16918163867581
115,2023-01-10,S2A_MSIL2A_20230110T100401_N0510_R122_T31NEH_20240810T212703,107.49413106968099
115,2024-12-20,S2A_MSIL2A_20241220T100431_N0511_R122_T31NEH_20241220T144159,107.79015814709292
115,2025-01-24,S2B_MSIL2A_20250124T100219_N0511_R022_T31NEH_20250124T125425,106.99079123889636
116,2017-05-21,S2A_MSIL2A_20170521T100031_N0500_R122_T31NFH_20230908T033050,
116,2018-01-01,S2B_MSIL2A_20180101T100409_N0500_R122_T31NEH_20230904T020713,121.90990630894638
116,2018-01-06,S2A_MSIL2A_20180106T100401_N0500_R122_T31NEH_20230802T011345,118.46683131256485
116,2019-01-06,S2B_MSIL2A_20190106T100409_N0500_R122_T31NEH_20221202T051220,131.82982382675164
116,2020-01-26,S2A_MSIL2A_20200126T100321_N0500_R122_T31NEH_20230429T154603,118.83686342240483
116,2021-01-20,S2A_MSIL2A_20210120T100331_N0500_R122_T31NEH_20230603T115026,118.89907670756313
116,2021-12-21,S2B_MSIL2A_20211221T100329_N0500_R122_T31NEH_20221226T132339,
116,2022-12-26,S2B_MSIL2A_20221226T100329_N0510_R122_T31NEH_20240803T090404,114.8149773732146
116,2023-01-10,S2A_MSIL2A_20230110T100401_N0510_R122_T31NEH_20240810T212703,92.15989459124968
116,2024-12-20,S2A_MSIL2A_20241220T100431_N0511_R122_T31NEH_20241220T144159,107.12926004546037
116,2025-01-24,S2B_MSIL2A_20250124T100219_N0511_R022_T31NEH_20250124T125425,106.32989591544037
117,2017-05-21,S2A_MSIL2A_20170521T100031_N0500_R122_T31NFH_20230908T033050,
117,2018-01-01,S2B_MSIL2A_20180101T100409_N0500_R122_T31NEH_20230904T020713,125.63187916602475
117,2018-01-06,S2A_MSIL2A_20180106T100401_N0500_R122_T31NEH_20230802T011345,131.34135324070303
117,2019-01-06,S2B_MSIL2A_20190106T100409_N0500_R122_T31NEH_20221202T051220,145.38764556089004
117,2020-01-26,S2A_MSIL2A_20200126T100321_N0500_R122_T31NEH_20230429T154603,139.69619044668954
117,2021-01-20,S2A_MSIL2A_20210120T100331_N0500_R122_T31NEH_20230603T115026,122.22860045527928
117,2021-12-21,S2B_MSIL2A_20211221T100329_N0500_R122_T31NEH_20221226T132339,
117,2022-12-26,S2B_MSIL2A_20221226T100329_N0510_R122_T31NEH_20240803T090404,118.45334675757583
117,2023-01-10,S2A_MSIL2A_20230110T100401_N0510_R122_T31NEH_20240810T212703,107.54157043042153
117,2024-12-20,S2A_MSIL2A_20241220T100431_N0511_R122_T31NEH_20241220T144159,109.46073435798137
117,2025-01-24,S2B_MSIL2A_20250124T100219_N0511_R022_T31NEH_20250124T125425,108.66135197418649
118,2017-05-21,S2A_MSIL2A_20170521T100031_N0500_R122_T31NFH_20230908T033050,
118,2018-01-01,S2B_MSIL2A_20180101T100409_N0500_R122_T31NEH_20230904T020713,118.57886473855717
118,2018-01-06,S2A_MSIL2A_20180106T100401_N0500_R122_T31NEH_20230802T011345,113.91955429158823
118,2019-01-06,S2B_MSIL2A_20190106T100409_N0500_R122_T31NEH_20221202T051220,119.12111549061726
118,2020-01-26,S2A_MSIL2A_20200126T100321_N0500_R122_T31NEH_20230429T154603,118.07062978430469
118,2021-01-20,S2A_MSIL2A_20210120T100331_N0500_R122_T31NEH_20230603T115026,124.17874778444505
118,2021-12-21,S2B_MSIL2A_20211221T100329_N0500_R122_T31NEH_20221226T132339,
118,2022-12-26,S2B_MSIL2A_20221226T100329_N0510_R122_T31NEH_20240803T090404,123.92874429553277
118,2023-01-10,S2A_MSIL2A_20230110T100401_N0510_R122_T31NEH_20240810T212703,124.76323821848719
118,2024-12-20,S2A_MSIL2A_20241220T100431_N0511_R122_T31NEH_20241220T144159,113.62924605637338
118,2025-01-24,S2B_MSIL2A_20250124T100219_N0511_R022_T31NEH_20250124T125425,112.82984859671642
119,2017-05-21,S2A_MSIL2A_20170521T100031_N0500_R122_T31NFH_20230908T033050,
119,2018-01-01,S2B_MSIL2A_20180101T100409_N0500_R122_T31NEH_20230904T020713,112.07767326730385
119,2018-01-06,S2A_MSIL2A_20180106T100401_N0500_R122_T31NEH_20230802T011345,106.10810642855516
119,2019-01-06,S2B_MSIL2A_20190106T100409_N0500_R122_T31NEH_20221202T051220,116.82884803912586
119,2020-01-26,S2A_MSIL2A_20200126T100321_N0500_R122_T31NEH_20230429T154603,107.6244781181836
119,2021-01-20,S2A_MSIL2A_20210120T100331_N0500_R122_T31NEH_20230603T115026,82.44471093406555
119,2021-12-21,S2B_MSIL2A_20211221T100329_N0500_R122_T31NEH_20221226T132339,
119,2022-12-26,S2B_MSIL2A_20221226T100329_N0510_R122_T31NEH_20240803T090404,111.64581224838395
119,2023-01-10,S2A_MSIL2A_20230110T100401_N0510_R122_T31NEH_20240810T212703,112.94875629723659
119,2024-12-20,S2A_MSIL2A_20241220T100431_N0511_R122_T31NEH_20241220T144159,78.91034489142369
119,2025-01-24,S2B_MSIL2A_20250124T100219_N0511_R022_T31NEH_20250124T125425,78.00714575698113
120,2017-05-21,S2A_MSIL2A_20170521T100031_N0500_R122_T31NFH_20230908T033050,
120,2018-01-01,S2B_MSIL2A_20180101T100409_N0500_R122_T31NEH_20230904T020713,110.4041111260107
120,2018-01-06,S2A_MSIL2A_20180106T100401_N0500_R122_T31NEH_20230802T011345,125.03732430611024
120,2019-01-06,S2B_MSIL2A_20190106T100409_N0500_R122_T31NEH_20221202T051220,113.51309408060096
120,2020-01-26,S2A_MSIL2A_20200126T100321_N0500_R122_T31NEH_20230429T154603,96.1538550668117
120,2021-01-20,S2A_MSIL2A_20210120T100331_N0500_R122_T31NEH_20230603T115026,94.22988735436863
120,2021-12-21,S2B_MSIL2A_20211221T100329_N0500_R122_T31NEH_20221226T132339,
120,2022-12-26,S2B_MSIL2A_20221226T100329_N0510_R122_T31NEH_20240803T090404,96.94046340585288
120,2023-01-10,S2A_MSIL2A_20230110T100401_N0510_R122_T31NEH_20240810T212703,20.293042567514764
120,2024-12-20,S2A_MSIL2A_20241220T100431_N0511_R122_T31NEH_20241220T144159,73.21565102182291
120,2025-01-24,S2B_MSIL2A_20250124T100219_N0511_R022_T31NEH_20250124T125425,73.15021448885543
121,2017-05-21,S2A_MSIL2A_20170521T100031_N0500_R122_T31NFH_20230908T033050,
121,2018-01-01,S2B_MSIL2A_20180101T100409_N0500_R122_T31NEH_20230904T020713,128.68408706643237
121,2018-01-06,S2A_MSIL2A_20180106T100401_N0500_R122_T31NEH_20230802T011345,141.2532236558054
121,2019-01-06,S2B_MSIL2A_20190106T100409_N0500_R122_T31NEH_20221202T051220,111.9310998730269
121,2020-01-26,S2A_MSIL2A_20200126T100321_N0500_R122_T31NEH_20230429T154603,91.91736504847994
121,2021-01-20,S2A_MSIL2A_20210120T100331_N0500_R122_T31NEH_20230603T115026,52.119893388794104
121,2021-12-21,S2B_MSIL2A_20211221T100329_N0500_R122_T31NEH_20221226T132339,
121,2022-12-26,S2B_MSIL2A_20221226T100329_N0510_R122_T31NEH_20240803T090404,31.876160574951072
121,2023-01-10,S2A_MSIL2A_20230110T100401_N0510_R122_T31NEH_20240810T212703,12.058226800442359
121,2024-12-20,S2A_MSIL2A_20241220T100431_N0511_R122_T31NEH_20241220T144159,11.862425750283462
121,2025-01-24,S2B_MSIL2A_20250124T100219_N0511_R022_T31NEH_20250124T125425,11.862425750399797
122,2017-05-21,S2A_MSIL2A_20170521T100031_N0500_R122_T31NFH_20230908T033050,
122,2018-01-01,S2B_MSIL2A_20180101T100409_N0500_R122_T31NEH_20230904T020713,142.8690835394256
122,2018-01-06,S2A_MSIL2A_20180106T100401_N0500_R122_T31NEH_20230802T011345,153.37677110426566
122,2019-01-06,S2B_MSIL2A_20190106T100409_N0500_R122_T31NEH_20221202T051220,128.82389056871642
122,2020-01-26,S2A_MSIL2A_20200126T100321_N0500_R122_T31NEH_20230429T154603,108.81573607755787
122,2021-01-20,S2A_MSIL2A_20210120T100331_N0500_R122_T31NEH_20230603T115026,70.94836858091325
122,2021-12-21,S2B_MSIL2A_20211221T100329_N0500_R122_T31NEH_20221226T132339,
122,2022-12-26,S2B_MSIL2A_20221226T100329_N0510_R122_T31NEH_20240803T090404,48.7912726041953
122,2023-01-10,S2A_MSIL2A_20230110T100401_N0510_R122_T31NEH_20240810T212703,30.655101367593787
122,2024-12-20,S2A_MSIL2A_20241220T100431_N0511_R122_T31NEH_20241220T144159,28.783118112920388
122,2025-01-24,S2B_MSIL2A_20250124T100219_N0511_R022_T31NEH_20250124T125425,28.783118113036757
123,2017-05-21,S2A_MSIL2A_20170521T100031_N0500_R122_T31NFH_20230908T033050,
123,2018-01-01,S2B_MSIL2A_20180101T100409_N0500_R122_T31NEH_20230904T020713,152.8998542416148
123,2018-01-06,S2A_MSIL2A_20180106T100401_N0500_R122_T31NEH_20230802T011345,161.34826616815735
123,2019-01-06,S2B_MSIL2A_20190106T100409_N0500_R122_T31NEH_20221202T051220,141.55907490110448
123,2020-01-26,S2A_MSIL2A_20200126T100321_N0500_R122_T31NEH_20230429T154603,121.55479380444962
123,2021-01-20,S2A_MSIL2A_20210120T100331_N0500_R122_T31NEH_20230603T115026,85.61228496898556
123,2021-12-21,S2B_MSIL2A_20211221T100329_N0500_R122_T31NEH_20221226T132339,
123,2022-12-26,S2B_MSIL2A_20221226T100329_N0510_R122_T31NEH_20240803T090404,61.54195051459902
123,2023-01-10,S2A_MSIL2A_20230110T100401_N0510_R122_T31NEH_20240810T212703,45.08416213283795
123,2024-12-20,S2A_MSIL2A_20241220T100431_N0511_R122_T31NEH_20241220T144159,41.53766941782777
123,2025-01-24,S2B_MSIL2A_20250124T100219_N0511_R022_T31NEH_20250124T125425,41.537669417944166
124,2017-05-21,S2A_MSIL2A_20170521T100031_N0500_R122_T31NFH_20230908T033050,
124,2018-01-01,S2B_MSIL2A_20180101T100409_N0500_R122_T31NEH_20230904T020713,159.2516363165169
124,2018-01-06,S2A_MSIL2A_20180106T100401_N0500_R122_T31NEH_20230802T011345,165.6418841174697
124,2019-01-06,S2B_MSIL2A_20190106T100409_N0500_R122_T31NEH_20221202T051220,150.61328289096397
124,2020-01-26,S2A_MSIL2A_20200126T100321_N0500_R122_T31NEH_20230429T154603,130.61128793449566
124,2021-01-20,S2A_MSIL2A_20210120T100331_N0500_R122_T31NEH_20230603T115026,96.58942345359337
124,2021-12-21,S2B_MSIL2A_20211221T100329_N0500_R122_T31NEH_20221226T132339,
124,2022-12-26,S2B_MSIL2A_20221226T100329_N0510_R122_T31NEH_20240803T090404,70.60530306462353
124,2023-01-10,S2A_MSIL2A_20230110T100401_N0510_R122_T31NEH_20240810T212703,55.82323763974226
124,2024-12-20,S2A_MSIL2A_20241220T100431_N0511_R122_T31NEH_20241220T144159,50.60330810803719
124,2025-01-24,S2B_MSIL2A_20250124T100219_N0511_R022_T31NEH_20250124T125425,50.60330810815359
125,2017-05-21,S2A_MSIL2A_20170521T100031_N0500_R122_T31NFH_20230908T033050,
125,2018-01-01,S2B_MSIL2A_20180101T100409_N0500_R122_T31NEH_20230904T020713,162.6394980882281
125,2018-01-06,S2A_MSIL2A_20180106T100401_N0500_R122_T31NEH_20230802T011345,166.9717844830585
125,2019-01-06,S2B_MSIL2A_20190106T100409_N0500_R122_T31NEH_20221202T051220,156.70286033546816
125,2020-01-26,S2A_MSIL2A_20200126T100321_N0500_R122_T31NEH_20230429T154603,136.70200392927933
125,2021-01-20,S2A_MSIL2A_20210120T100331_N0500_R122_T31NEH_20230603T115026,104.59806963712226
125,2021-12-21,S2B_MSIL2A_20211221T100329_N0500_R122_T31NEH_20221226T132339,
125,2022-12-26,S2B_MSIL2A_20221226T100329_N0510_R122_T31NEH_20240803T090404,76.6994347102494
125,2023-01-10,S2A_MSIL2A_20230110T100401_N0510_R122_T31NEH_20240810T212703,63.59135658025868
125,2024-12-20,S2A_MSIL2A_20241220T100431_N0511_R122_T31NEH_20241220T144159,56.69857830394418
125,2025-01-24,S2B_MSIL2A_20250124T100219_N0511_R022_T31NEH_20250124T125425,56.69857830394418
126,2017-05-21,S2A_MSIL2A_20170521T100031_N0500_R122_T31NFH_20230908T033050,
126,2018-01-01,S2B_MSIL2A_20180101T100409_N0500_R122_T31NEH_20230904T020713,163.95649565224747
126,2018-01-06,S2A_MSIL2A_20180106T100401_N0500_R122_T31NEH_20230802T011345,166.23046926840064
126,2019-01-06,S2B_MSIL2A_20190106T100409_N0500_R122_T31NEH_20221202T051220,160.72171999754147
126,2020-01-26,S2A_MSIL2A_20200126T100321_N0500_R122_T31NEH_20230429T154603,140.72131784861077
126,2021-01-20,S2A_MSIL2A_20210120T100331_N0500_R122_T31NEH_20230603T115026,110.53389002959936
126,2021-12-21,S2B_MSIL2A_20211221T100329_N0500_R122_T31NEH_20221226T132339,
126,2022-12-26,S2B_MSIL2A_20221226T100329_N0510_R122_T31NEH_20240803T090404,80.72011140135297
126,2023-01-10,S2A_MSIL2A_20230110T100401_N0510_R122_T31NEH_20240810T212703,69.28502590510489
126,2024-12-20,S2A_MSIL2A_20241220T100431_N0511_R122_T31NEH_20241220T144159,60.71970925230584
126,2025-01-24,S2B_MSIL2A_20250124T100219_N0511_R022_T31NEH_20250124T125425,60.71970925230584
127,2017-05-21,S2A_MSIL2A_20170521T100031_N0500_R122_T31NFH_20230908T033050,
127,2018-01-01,S2B_MSIL2A_20180101T100409_N0500_R122_T31NEH_20230904T020713,164.1904655763547
127,2018-01-06,S2A_MSIL2A_20180106T100401_N0500_R122_T31NEH_20230802T011345,164.40559421614205
127,2019-01-06,S2B_MSIL2A_20190106T100409_N0500_R122_T31NEH_20221202T051220,163.65809099356548
127,2020-01-26,S2A_MSIL2A_20200126T100321_N0500_R122_T31NEH_20230429T154603,143.65779733672088
127,2021-01-20,S2A_MSIL2A_20210120T100331_N0500_R122_T31NEH_20230603T115026,115.38630055373021
127,2021-12-21,S2B_MSIL2A_20211221T100329_N0500_R122_T31NEH_20221226T132339,
127,2022-12-26,S2B_MSIL2A_20221226T100329_N0510_R122_T31NEH_20240803T090404,83.65691636571951
127,2023-01-10,S2A_MSIL2A_20230110T100401_N0510_R122_T31NEH_20240810T212703,73.89430759903927
127,2024-12-20,S2A_MSIL2A_20241220T100431_N0511_R122_T31NEH_20241220T144159,63.656622708757865
127,2025-01-24,S2B_MSIL2A_20250124T100219_N0511_R022_T31NEH_20250124T125425,63.656622708757865
128,2017-05-21,S2A_MSIL2A_20170521T100031_N0500_R122_T31NFH_20230908T033050,
128,2018-01-01,S2B_MSIL2A_20180101T100409_N0500_R122_T31NEH_20230904T020713,151.61357675910136
128,2018-01-06,S2A_MSIL2A_20180106T100401_N0500_R122_T31NEH_20230802T011345,153.71072448366283
128,2019-01-06,S2B_MSIL2A_20190106T100409_N0500_R122_T31NEH_20221202T051220,152.4452771835279
128,2020-01-26,S2A_MSIL2A_20200126T100321_N0500_R122_T31NEH_20230429T154603,131.32622556456198
128,2021-01-20,S2A_MSIL2A_20210120T100331_N0500_R122_T31NEH_20230603T115026,120.12732745484105
128,2021-12-21,S2B_MSIL2A_20211221T100329_N0500_R122_T31NEH_20221226T132339,
128,2022-12-26,S2B_MSIL2A_20221226T100329_N0510_R122_T31NEH_20240803T090404,86.4819083897879
128,2023-01-10,S2A_MSIL2A_20230110T100401_N0510_R122_T31NEH_20240810T212703,78.39151919710599
128,2024-12-20,S2A_MSIL2A_20241220T100431_N0511_R122_T31NEH_20241220T144159,66.48151648397129
128,2025-01-24,S2B_MSIL2A_20250124T100219_N0511_R022_T31NEH_20250124T125425,66.48151648397129
129,2017-05-21,S2A_MSIL2A_20170521T100031_N0500_R122_T31NFH_20230908T033050,
129,2018-01-01,S2B_MSIL2A_20180101T100409_N0500_R122_T31NEH_20230904T020713,136.63190567787765
129,2018-01-06,S2A_MSIL2A_20180106T100401_N0500_R122_T31NEH_20230802T011345,105.36111232209971
129,2019-01-06,S2B_MSIL2A_20190106T100409_N0500_R122_T31NEH_20221202T051220,138.49922765053213
129,2020-01-26,S2A_MSIL2A_20200126T100321_N0500_R122_T31NEH_20230429T154603,116.87842886807495
129,2021-01-20,S2A_MSIL2A_20210120T100331_N0500_R122_T31NEH_20230603T115026,125.57912397071834
129,2021-12-21,S2B_MSIL2A_20211221T100329_N0500_R122_T31NEH_20221226T132339,
129,2022-12-26,S2B_MSIL2A_20221226T100329_N0510_R122_T31NEH_20240803T090404,90.01717826264871
129,2023-01-10,S2A_MSIL2A_20230110T100401_N0510_R122_T31NEH_20240810T212703,83.59893057902745
129,2024-12-20,S2A_MSIL2A_20241220T100431_N0511_R122_T31NEH_20241220T144159,70.01650205856286
129,2025-01-24,S2B_MSIL2A_20250124T100219_N0511_R022_T31NEH_20250124T125425,70.01650205856286
130,2017-05-21,S2A_MSIL2A_20170521T100031_N0500_R122_T31NFH_20230908T033050,
130,2018-01-01,S2B_MSIL2A_20180101T100409_N0500_R122_T31NEH_20230904T020713,122.72501807932781
130,2018-01-06,S2A_MSIL2A_20180106T100401_N0500_R122_T31NEH_20230802T011345,99.44460880449466
130,2019-01-06,S2B_MSIL2A_20190106T100409_N0500_R122_T31NEH_20221202T051220,125.62773440315947
130,2020-01-26,S2A_MSIL2A_20200126T100321_N0500_R122_T31NEH_20230429T154603,103.50539829481896
130,2021-01-20,S2A_MSIL2A_20210120T100331_N0500_R122_T31NEH_20230603T115026,132.10467731225685
130,2021-12-21,S2B_MSIL2A_20211221T100329_N0500_R122_T31NEH_20221226T132339,
130,2022-12-26,S2B_MSIL2A_20221226T100329_N0510_R122_T31NEH_20240803T090404,94.6257403553889
130,2023-01-10,S2A_MSIL2A_20230110T100401_N0510_R122_T31NEH_20240810T212703,89.87971047968524
130,2024-12-20,S2A_MSIL2A_20241220T100431_N0511_R122_T31NEH_20241220T144159,74.6246316641454
130,2025-01-24,S2B_MSIL2A_20250124T100219_N0511_R022_T31NEH_20250124T125425,71.63170834956014
131,2017-05-21,S2A_MSIL2A_20170521T100031_N0500_R122_T31NFH_20230908T033050,
131,2018-01-01,S2B_MSIL2A_20180101T100409_N0500_R122_T31NEH_20230904T020713,110.06240247932371
131,2018-01-06,S2A_MSIL2A_20180106T100401_N0500_R122_T31NEH_20230802T011345,94.77093237529346
131,2019-01-06,S2B_MSIL2A_20190106T100409_N0500_R122_T31NEH_20221202T051220,114.00027486499725
131,2020-01-26,S2A_MSIL2A_20200126T100321_N0500_R122_T31NEH_20230429T154603,91.37647879385345
131,2021-01-20,S2A_MSIL2A_20210120T100331_N0500_R122_T31NEH_20230603T115026,139.8735471799636
131,2021-12-21,S2B_MSIL2A_20211221T100329_N0500_R122_T31NEH_20221226T132339,
131,2022-12-26,S2B_MSIL2A_20221226T100329_N0510_R122_T31NEH_20240803T090404,100.47709642238034
131,2023-01-10,S2A_MSIL2A_20230110T100401_N0510_R122_T31NEH_20240810T212703,97.4034394273191
131,2024-12-20,S2A_MSIL2A_20241220T100431_N0511_R122_T31NEH_20241220T144159,80.47540840445261
131,2025-01-24,S2B_MSIL2A_20250124T100219_N0511_R022_T31NEH_20250124T125425,72.81865472443661
132,2017-05-21,S2A_MSIL2A_20170521T100031_N0500_R122_T31NFH_20230908T033050,
132,2018-01-01,S2B_MSIL2A_20180101T100409_N0500_R122_T31NEH_20230904T020713,98.65567493054307
132,2018-01-06,S2A_MSIL2A_20180106T100401_N0500_R122_T31NEH_20230802T011345,91.3517835633807
132,2019-01-06,S2B_MSIL2A_20190106T100409_N0500_R122_T31NEH_20221202T051220,103.6285175460117
132,2020-01-26,S2A_MSIL2A_20200126T100321_N0500_R122_T31NEH_20230429T154603,80.50311840585437
132,2021-01-20,S2A_MSIL2A_20210120T100331_N0500_R122_T31NEH_20230603T115026,200.29588041837548
132,2021-12-21,S2B_MSIL2A_20211221T100329_N0500_R122_T31NEH_20221226T132339,
132,2022-12-26,S2B_MSIL2A_20221226T100329_N0510_R122_T31NEH_20240803T090404,103.94640252115956
132,2023-01-10,S2A_MSIL2A_20230110T100401_N0510_R122_T31NEH_20240810T212703,106.18219297818992
132,2024-12-20,S2A_MSIL2A_20241220T100431_N0511_R122_T31NEH_20241220T144159,87.58094104177773
132,2025-01-24,S2B_MSIL2A_20250124T100219_N0511_R022_T31NEH_20250124T125425,75.25991761165623
133,2017-05-21,S2A_MSIL2A_20170521T100031_N0500_R122_T31NFH_20230908T033050,
133,2018-01-01,S2B_MSIL2A_20180101T100409_N0500_R122_T31NEH_20230904T020713,93.38009249292796
133,2018-01-06,S2A_MSIL2A_20180106T100401_N0500_R122_T31NEH_20230802T011345,93.17487757809332
133,2019-01-06,S2B_MSIL2A_20190106T100409_N0500_R122_T31NEH_20221202T051220,95.51725517196274
133,2020-01-26,S2A_MSIL2A_20200126T100321_N0500_R122_T31NEH_20230429T154603,74.33578741784665
133,2021-01-20,S2A_MSIL2A_20210120T100331_N0500_R122_T31NEH_20230603T115026,189.7162281598906
133,2021-12-21,S2B_MSIL2A_20211221T100329_N0500_R122_T31NEH_20221226T132339,
133,2022-12-26,S2B_MSIL2A_20221226T100329_N0510_R122_T31NEH_20240803T090404,106.55196274913924
133,2023-01-10,S2A_MSIL2A_20230110T100401_N0510_R122_T31NEH_20240810T212703,92.41648085360768
133,2024-12-20,S2A_MSIL2A_20241220T100431_N0511_R122_T31NEH_20241220T144159,93.67153289814813
133,2025-01-24,S2B_MSIL2A_20250124T100219_N0511_R022_T31NEH_20250124T125425,78.53157024695969
134,2017-05-21,S2A_MSIL2A_20170521T100031_N0500_R122_T31NFH_20230908T033050,
134,2018-01-01,S2B_MSIL2A_20180101T100409_N0500_R122_T31NEH_20230904T020713,96.12326171308727
134,2018-01-06,S2A_MSIL2A_20180106T100401_N0500_R122_T31NEH_20230802T011345,97.5875139261463
134,2019-01-06,S2B_MSIL2A_20190106T100409_N0500_R122_T31NEH_20221202T051220,103.58003452704347
134,2020-01-26,S2A_MSIL2A_20200126T100321_N0500_R122_T31NEH_20230429T154603,78.20521762703923
134,2021-01-20,S2A_MSIL2A_20210120T100331_N0500_R122_T31NEH_20230603T115026,177.379456757332
134,2021-12-21,S2B_MSIL2A_20211221T100329_N0500_R122_T31NEH_20221226T132339,
134,2022-12-26,S2B_MSIL2A_20221226T100329_N0510_R122_T31NEH_20240803T090404,109.28377410284236
134,2023-01-10,S2A_MSIL2A_20230110T100401_N0510_R122_T31NEH_20240810T212703,83.57748501481777
134,2024-12-20,S2A_MSIL2A_20241220T100431_N0511_R122_T31NEH_20241220T144159,95.18378132225921
134,2025-01-24,S2B_MSIL2A_20250124T100219_N0511_R022_T31NEH_20250124T125425,81.92969388933307
135,2017-05-21,S2A_MSIL2A_20170521T100031_N0500_R122_T31NFH_20230908T033050,
135,2018-01-01,S2B_MSIL2A_20180101T100409_N0500_R122_T31NEH_20230904T020713,98.35734952687609
135,2018-01-06,S2A_MSIL2A_20180106T100401_N0500_R122_T31NEH_20230802T011345,101.49103638614109
135,2019-01-06,S2B_MSIL2A_20190106T100409_N0500_R122_T31NEH_20221202T051220,111.13348571594585
135,2020-01-26,S2A_MSIL2A_20200126T100321_N0500_R122_T31NEH_20230429T154603,81.56568539988304
135,2021-01-20,S2A_MSIL2A_20210120T100331_N0500_R122_T31NEH_20230603T115026,106.07412812240443
135,2021-12-21,S2B_MSIL2A_20211221T100329_N0500_R122_T31NEH_20221226T132339,
135,2022-12-26,S2B_MSIL2A_20221226T100329_N0510_R122_T31NEH_20240803T090404,111.50644056142222
135,2023-01-10,S2A_MSIL2A_20230110T100401_N0510_R122_T31NEH_20240810T212703,91.1313413282184
135,2024-12-20,S2A_MSIL2A_20241220T100431_N0511_R122_T31NEH_20241220T144159,96.18695403367634
135,2025-01-24,S2B_MSIL2A_20250124T100219_N0511_R022_T31NEH_20250124T125425,84.81881932301836
136,2017-05-21,S2A_MSIL2A_20170521T100031_N0500_R122_T31NFH_20230908T033050,
136,2018-01-01,S2B_MSIL2A_20180101T100409_N0500_R122_T31NEH_20230904T020713,99.67833433140238
136,2018-01-06,S2A_MSIL2A_20180106T100401_N0500_R122_T31NEH_20230802T011345,104.48138447720957
136,2019-01-06,S2B_MSIL2A_20190106T100409_N0500_R122_T31NEH_20221202T051220,117.77334914591603
136,2020-01-26,S2A_MSIL2A_20200126T100321_N0500_R122_T31NEH_20230429T154603,84.01306584479016
136,2021-01-20,S2A_MSIL2A_20210120T100331_N0500_R122_T31NEH_20230603T115026,97.77185145568177
136,2021-12-21,S2B_MSIL2A_20211221T100329_N0500_R122_T31NEH_20221226T132339,
136,2022-12-26,S2B_MSIL2A_20221226T100329_N0510_R122_T31NEH_20240803T090404,112.81599714966677
136,2023-01-10,S2A_MSIL2A_20230110T100401_N0510_R122_T31NEH_20240810T212703,97.77185145568177
136,2024-12-20,S2A_MSIL2A_20241220T100431_N0511_R122_T31NEH_20241220T144159,96.27703551843881
136,2025-01-24,S2B_MSIL2A_20250124T100219_N0511_R022_T31NEH_20250124T125425,86.79485069202462
137,2017-05-21,S2A_MSIL2A_20170521T100031_N0500_R122_T31NFH_20230908T033050,
137,2018-01-01,S2B_MSIL2A_20180101T100409_N0500_R122_T31NEH_20230904T020713,100.34482156369688
137,2018-01-06,S2A_MSIL2A_20180106T100401_N0500_R122_T31NEH_20230802T011345,106.8172413632042
137,2019-01-06,S2B_MSIL2A_20190106T100409_N0500_R122_T31NEH_20221202T051220,123.75883239740244
137,2020-01-26,S2A_MSIL2A_20200126T100321_N0500_R122_T31NEH_20230429T154603,85.80578088358895
137,2021-01-20,S2A_MSIL2A_20210120T100331_N0500_R122_T31NEH_20230603T115026,103.75755109465332
137,2021-12-21,S2B_MSIL2A_20211221T100329_N0500_R122_T31NEH_20221226T132339,
137,2022-12-26,S2B_MSIL2A_20221226T100329_N0510_R122_T31NEH_20240803T090404,113.47113070178247
137,2023-01-10,S2A_MSIL2A_20230110T100401_N0510_R122_T31NEH_20240810T212703,103.75755109465332
137,2024-12-20,S2A_MSIL2A_20241220T100431_N0511_R122_T31NEH_20241220T144159,95.71262183492132
137,2025-01-24,S2B_MSIL2A_20250124T100219_N0511_R022_T31NEH_20250124T125425,88.11627287257477
138,2017-05-21,S2A_MSIL2A_20170521T100031_N0500_R122_T31NFH_20230908T033050,
138,2018-01-01,S2B_MSIL2A_20180101T100409_N0500_R122_T31NEH_20230904T020713,100.6087944836758
138,2018-01-06,S2A_MSIL2A_20180106T100401_N0500_R122_T31NEH_20230802T011345,108.75058305420158
138,2019-01-06,S2B_MSIL2A_20190106T100409_N0500_R122_T31NEH_20221202T051220,129.34179455394312
138,2020-01-26,S2A_MSIL2A_20200126T100321_N0500_R122_T31NEH_20230429T154603,87.19595339034457
138,2021-01-20,S2A_MSIL2A_20210120T100331_N0500_R122_T31NEH_20230603T115026,109.3406500836254
138,2021-12-21,S2B_MSIL2A_20211221T100329_N0500_R122_T31NEH_20221226T132339,
138,2022-12-26,S2B_MSIL2A_20221226T100329_N0510_R122_T31NEH_20240803T090404,113.72376060758249
138,2023-01-10,S2A_MSIL2A_20230110T100401_N0510_R122_T31NEH_20240810T212703,89.2699280275589
138,2024-12-20,S2A_MSIL2A_20241220T100431_N0511_R122_T31NEH_20241220T144159,94.74569173034168
138,2025-01-24,S2B_MSIL2A_20250124T100219_N0511_R022_T31NEH_20250124T125425,89.03516309569403
139,2017-05-21,S2A_MSIL2A_20170521T100031_N0500_R122_T31NFH_20230908T033050,
139,2018-01-01,S2B_MSIL2A_20180101T100409_N0500_R122_T31NEH_20230904T020713,100.57579380282591
139,2018-01-06,S2A_MSIL2A_20180106T100401_N0500_R122_T31NEH_20230802T011345,110.38695427012577
139,2019-01-06,S2B_MSIL2A_20190106T100409_N0500_R122_T31NEH_20221202T051220,134.62780791417413
139,2020-01-26,S2A_MSIL2A_20200126T100321_N0500_R122_T31NEH_20230429T154603,88.28913861060651
139,2021-01-20,S2A_MSIL2A_20210120T100331_N0500_R122_T31NEH_20230603T115026,114.62674326214056
139,2021-12-21,S2B_MSIL2A_20211221T100329_N0500_R122_T31NEH_20221226T132339,
139,2022-12-26,S2B_MSIL2A_20221226T100329_N0510_R122_T31NEH_20240803T090404,113.67942050910177
139,2023-01-10,S2A_MSIL2A_20230110T100401_N0510_R122_T31NEH_20240810T212703,74.6246139577254
139,2024-12-20,S2A_MSIL2A_20241220T100431_N0511_R122_T31NEH_20241220T144159,93.48178694258559
139,2025-01-24,S2B_MSIL2A_20250124T100219_N0511_R022_T31NEH_20250124T125425,89.65707190420144
140,2017-05-21,S2A_MSIL2A_20170521T100031_N0500_R122_T31NFH_20230908T033050,
140,2018-01-01,S2B_MSIL2A_20180101T100409_N0500_R122_T31NEH_20230904T020713,100.41783348269651
140,2018-01-06,S2A_MSIL2A_20180106T100401_N0500_R122_T31NEH_20230802T011345,111.89837689432916
140,2019-01-06,S2B_MSIL2A_20190106T100409_N0500_R122_T31NEH_20221202T051220,139.7889822443111
140,2020-01-26,S2A_MSIL2A_20200126T100321_N0500_R122_T31NEH_20230429T154603,89.25735378221975
140,2021-01-20,S2A_MSIL2A_20210120T100331_N0500_R122_T31NEH_20230603T115026,119.78791594741952
140,2021-12-21,S2B_MSIL2A_20211221T100329_N0500_R122_T31NEH_20221226T132339,
140,2022-12-26,S2B_MSIL2A_20221226T100329_N0510_R122_T31NEH_20240803T090404,113.51011996956132
140,2023-01-10,S2A_MSIL2A_20230110T100401_N0510_R122_T31NEH_20240810T212703,79.78578335328594
140,2024-12-20,S2A_MSIL2A_20241220T100431_N0511_R122_T31NEH_20241220T144159,92.0929278443744
140,2025-01-24,S2B_MSIL2A_20250124T100219_N0511_R022_T31NEH_20250124T125425,90.15401614024421
141,2017-05-21,S2A_MSIL2A_20170521T100031_N0500_R122_T31NFH_20230908T033050,
141,2018-01-01,S2B_MSIL2A_20180101T100409_N0500_R122_T31NEH_20230904T020713,100.38098397138805
141,2018-01-06,S2A_MSIL2A_20180106T100401_N0500_R122_T31NEH_20230802T011345,113.5309375434553
141,2019-01-06,S2B_MSIL2A_20190106T100409_N0500_R122_T31NEH_20221202T051220,143.21922781447734
141,2020-01-26,S2A_MSIL2A_20200126T100321_N0500_R122_T31NEH_20230429T154603,90.34666666607244
141,2021-01-20,S2A_MSIL2A_20210120T100331_N0500_R122_T31NEH_20230603T115026,125.07036077898107
141,2021-12-21,S2B_MSIL2A_20211221T100329_N0500_R122_T31NEH_20221226T132339,
141,2022-12-26,S2B_MSIL2A_20221226T100329_N0510_R122_T31NEH_20240803T090404,113.4619300348444
141,2023-01-10,S2A_MSIL2A_20230110T100401_N0510_R122_T31NEH_20240810T212703,85.06796852252599
141,2024-12-20,S2A_MSIL2A_20241220T100431_N0511_R122_T31NEH_20241220T144159,90.82519328397089
141,2025-01-24,S2B_MSIL2A_20250124T100219_N0511_R022_T31NEH_20250124T125425,90.77206390076032
142,2017-05-21,S2A_MSIL2A_20170521T100031_N0500_R122_T31NFH_20230908T033050,
142,2018-01-01,S2B_MSIL2A_20180101T100409_N0500_R122_T31NEH_20230904T020713,100.53417542044414
142,2018-01-06,S2A_MSIL2A_20180106T100401_N0500_R122_T31NEH_20230802T011345,115.3535016067853
142,2019-01-06,S2B_MSIL2A_20190106T100409_N0500_R122_T31NEH_20221202T051220,139.53488943158712
142,2020-01-26,S2A_MSIL2A_20200126T100321_N0500_R122_T31NEH_20230429T154603,91.62604042888889
142,2021-01-20,S2A_MSIL2A_20210120T100331_N0500_R122_T31NEH_20230603T115026,130.5426359501813
142,2021-12-21,S2B_MSIL2A_20211221T100329_N0500_R122_T31NEH_20221226T132339,
142,2022-12-26,S2B_MSIL2A_20221226T100329_N0510_R122_T31NEH_20240803T090404,113.60378081010761
142,2023-01-10,S2A_MSIL2A_20230110T100401_N0510_R122_T31NEH_20240810T212703,90.54035187953302
142,2024-12-20,S2A_MSIL2A_20241220T100431_N0511_R122_T31NEH_20241220T144159,89.7474818254116
142,2025-01-24,S2B_MSIL2A_20250124T100219_N0511_R022_T31NEH_20250124T125425,91.58016365135683
143,2017-05-21,S2A_MSIL2A_20170521T100031_N0500_R122_T31NFH_20230908T033050,
143,2018-01-01,S2B_MSIL2A_20180101T100409_N0500_R122_T31NEH_20230904T020713,100.37243207205164
143,2018-01-06,S2A_MSIL2A_20180106T100401_N0500_R122_T31NEH_20230802T011345,116.86108144870188
143,2019-01-06,S2B_MSIL2A_20190106T100409_N0500_R122_T31NEH_20221202T051220,135.53592493949486
143,2020-01-26,S2A_MSIL2A_20200126T100321_N0500_R122_T31NEH_20230429T154603,92.59048916010745
143,2021-01-20,S2A_MSIL2A_20210120T100331_N0500_R122_T31NEH_20230603T115026,226.14929523277806
143,2021-12-21,S2B_MSIL2A_20211221T100329_N0500_R122_T31NEH_20221226T132339,
143,2022-12-26,S2B_MSIL2A_20221226T100329_N0510_R122_T31NEH_20240803T090404,113.4307082749634
143,2023-01-10,S2A_MSIL2A_20230110T100401_N0510_R122_T31NEH_20240810T212703,95.69781619656135
143,2024-12-20,S2A_MSIL2A_20241220T100431_N0511_R122_T31NEH_20241220T144159,88.35479326809676
143,2025-01-24,S2B_MSIL2A_20250124T100219_N0511_R022_T31NEH_20250124T125425,92.07333209454023
144,2017-05-21,S2A_MSIL2A_20170521T100031_N0500_R122_T31NFH_20230908T033050,
144,2018-01-01,S2B_MSIL2A_20180101T100409_N0500_R122_T31NEH_20230904T020713,99.33230273162988
144,2018-01-06,S2A_MSIL2A_20180106T100401_N0500_R122_T31NEH_20230802T011345,117.49029687751698
144,2019-01-06,S2B_MSIL2A_20190106T100409_N0500_R122_T31NEH_20221202T051220,130.6587099262844
144,2020-01-26,S2A_MSIL2A_20200126T100321_N0500_R122_T31NEH_20230429T154603,92.67653749398333
144,2021-01-20,S2A_MSIL2A_20210120T100331_N0500_R122_T31NEH_20230603T115026,399.98520207906296
144,2021-12-21,S2B_MSIL2A_20211221T100329_N0500_R122_T31NEH_20221226T132339,
144,2022-12-26,S2B_MSIL2A_20221226T100329_N0510_R122_T31NEH_20240803T090404,112.37929304563372
144,2023-01-10,S2A_MSIL2A_20230110T100401_N0510_R122_T31NEH_20240810T212703,99.96310379747872
144,2024-12-20,S2A_MSIL2A_20241220T100431_N0511_R122_T31NEH_20241220T144159,86.08364232659721
144,2025-01-24,S2B_MSIL2A_20250124T100219_N0511_R022_T31NEH_20250124T125425,91.68809601117715
145,2017-05-21,S2A_MSIL2A_20170521T100031_N0500_R122_T31NFH_20230908T033050,
145,2018-01-01,S2B_MSIL2A_20180101T100409_N0500_R122_T31NEH_20230904T020713,97.30639713112653
145,2018-01-06,S2A_MSIL2A_20180106T100401_N0500_R122_T31NEH_20230802T011345,117.1338044181232
145,2019-01-06,S2B_MSIL2A_20190106T100409_N0500_R122_T31NEH_20221202T051220,124.79551812139955
145,2020-01-26,S2A_MSIL2A_20200126T100321_N0500_R122_T31NEH_20230429T154603,91.77680605213553
145,2021-01-20,S2A_MSIL2A_20210120T100331_N0500_R122_T31NEH_20230603T115026,229.0823322755848
145,2021-12-21,S2B_MSIL2A_20211221T100329_N0500_R122_T31NEH_20221226T132339,
145,2022-12-26,S2B_MSIL2A_20221226T100329_N0510_R122_T31NEH_20240803T090404,110.34212523650059
145,2023-01-10,S2A_MSIL2A_20230110T100401_N0510_R122_T31NEH_20240810T212703,91.53867601916318
145,2024-12-20,S2A_MSIL2A_20241220T100431_N0511_R122_T31NEH_20241220T144159,82.8266670265924
145,2025-01-24,S2B_MSIL2A_20250124T100219_N0511_R022_T31NEH_20250124T125425,90.3170763338959
146,2017-05-21,S2A_MSIL2A_20170521T100031_N0500_R122_T31NFH_20230908T033050,
146,2018-01-01,S2B_MSIL2A_20180101T100409_N0500_R122_T31NEH_20230904T020713,94.84073664858309
146,2018-01-06,S2A_MSIL2A_20180106T100401_N0500_R122_T31NEH_20230802T011345,116.33754166523572
146,2019-01-06,S2B_MSIL2A_20190106T100409_N0500_R122_T31NEH_20221202T051220,118.49204138820285
146,2020-01-26,S2A_MSIL2A_20200126T100321_N0500_R122_T31NEH_20230429T154603,90.43733463365807
146,2021-01-20,S2A_MSIL2A_20210120T100331_N0500_R122_T31NEH_20230603T115026,200.04620175582346
146,2021-12-21,S2B_MSIL2A_20211221T100329_N0500_R122_T31NEH_20221226T132339,
146,2022-12-26,S2B_MSIL2A_20221226T100329_N0510_R122_T31NEH_20240803T090404,107.86512850532188
146,2023-01-10,S2A_MSIL2A_20230110T100401_N0510_R122_T31NEH_20240810T212703,82.67446933554073
146,2024-12-20,S2A_MSIL2A_20241220T100431_N0511_R122_T31NEH_20241220T144159,79.13005923642768
146,2025-01-24,S2B_MSIL2A_20250124T100219_N0511_R022_T31NEH_20250124T125425,88.50632992957719
147,2017-05-21,S2A_MSIL2A_20170521T100031_N0500_R122_T31NFH_20230908T033050,
147,2018-01-01,S2B_MSIL2A_20180101T100409_N0500_R122_T31NEH_20230904T020713,93.45591711424689
147,2018-01-06,S2A_MSIL2A_20180106T100401_N0500_R122_T31NEH_20230802T011345,116.62208233940909
147,2019-01-06,S2B_MSIL2A_20190106T100409_N0500_R122_T31NEH_20221202T051220,113.26876676684797
147,2020-01-26,S2A_MSIL2A_20200126T100321_N0500_R122_T31NEH_20230429T154603,90.17864827752929
147,2021-01-20,S2A_MSIL2A_20210120T100331_N0500_R122_T31NEH_20230603T115026,
147,2021-12-21,S2B_MSIL2A_20211221T100329_N0500_R122_T31NEH_20221226T132339,
147,2022-12-26,S2B_MSIL2A_20221226T100329_N0510_R122_T31NEH_20240803T090404,106.46882524476334
147,2023-01-10,S2A_MSIL2A_20230110T100401_N0510_R122_T31NEH_20240810T212703,74.89262962008239
147,2024-12-20,S2A_MSIL2A_20241220T100431_N0511_R122_T31NEH_20241220T144159,76.51472225600631
147,2025-01-24,S2B_MSIL2A_20250124T100219_N0511_R022_T31NEH_20250124T125425,87.7764217584251
148,2017-05-21,S2A_MSIL2A_20170521T100031_N0500_R122_T31NFH_20230908T033050,
148,2018-01-01,S2B_MSIL2A_20180101T100409_N0500_R122_T31NEH_20230904T020713,95.8749409928423
148,2018-01-06,S2A_MSIL2A_20180106T100401_N0500_R122_T31NEH_20230802T011345,120.71214686959237
148,2019-01-06,S2B_MSIL2A_20190106T100409_N0500_R122_T31NEH_20221202T051220,111.84999925309735
148,2020-01-26,S2A_MSIL2A_20200126T100321_N0500_R122_T31NEH_20230429T154603,93.72359758305412
148,2021-01-20,S2A_MSIL2A_20210120T100331_N0500_R122_T31NEH_20230603T115026,
148,2021-12-21,S2B_MSIL2A_20211221T100329_N0500_R122_T31NEH_20221226T132339,
148,2022-12-26,S2B_MSIL2A_20221226T100329_N0510_R122_T31NEH_20240803T090404,108.8770397940664
148,2023-01-10,S2A_MSIL2A_20230110T100401_N0510_R122_T31NEH_20240810T212703,70.91633768596125
148,2024-12-20,S2A_MSIL2A_20241220T100431_N0511_R122_T31NEH_20241220T144159,77.70266362442165
148,2025-01-24,S2B_MSIL2A_20250124T100219_N0511_R022_T31NEH_20250124T125425,90.85001358162889
149,2017-05-21,S2A_MSIL2A_20170521T100031_N0500_R122_T31NFH_20230908T033050,
149,2018-01-01,S2B_MSIL2A_20180101T100409_N0500_R122_T31NEH_20230904T020713,104.05513965524767
149,2018-01-06,S2A_MSIL2A_20180106T100401_N0500_R122_T31NEH_20230802T011345,126.80859222259129
149,2019-01-06,S2B_MSIL2A_20190106T100409_N0500_R122_T31NEH_20221202T051220,116.19372959281029
149,2020-01-26,S2A_MSIL2A_20200126T100321_N0500_R122_T31NEH_20230429T154603,103.02990899454454
149,2021-01-20,S2A_MSIL2A_20210120T100331_N0500_R122_T31NEH_20230603T115026,
149,2021-12-21,S2B_MSIL2A_20211221T100329_N0500_R122_T31NEH_20221226T132339,
149,2022-12-26,S2B_MSIL2A_20221226T100329_N0510_R122_T31NEH_20240803T090404,117.04896761958744
149,2023-01-10,S2A_MSIL2A_20230110T100401_N0510_R122_T31NEH_20240810T212703,72.69659166403912
149,2024-12-20,S2A_MSIL2A_20241220T100431_N0511_R122_T31NEH_20241220T144159,84.64788392504373
149,2025-01-24,S2B_MSIL2A_20250124T100219_N0511_R022_T31NEH_20250124T125425,99.68411749071616
150,2017-05-21,S2A_MSIL2A_20170521T100031_N0500_R122_T31NFH_20230908T033050,
150,2018-01-01,S2B_MSIL2A_20180101T100409_N0500_R122_T31NEH_20230904T020713,117.7152061954247
150,2018-01-06,S2A_MSIL2A_20180106T100401_N0500_R122_T31NEH_20230802T011345,123.5733451255086
150,2019-01-06,S2B_MSIL2A_20190106T100409_N0500_R122_T31NEH_20221202T051220,126.01496336333034
150,2020-01-26,S2A_MSIL2A_20200126T100321_N0500_R122_T31NEH_20230429T154603,117.81712694906444
150,2021-01-20,S2A_MSIL2A_20210120T100331_N0500_R122_T31NEH_20230603T115026,142.65197774498628
150,2021-12-21,S2B_MSIL2A_20211221T100329_N0500_R122_T31NEH_20221226T132339,
150,2022-12-26,S2B_MSIL2A_20221226T100329_N0510_R122_T31NEH_20240803T090404,130.70015400945323
150,2023-01-10,S2A_MSIL2A_20230110T100401_N0510_R122_T31NEH_20240810T212703,
150,2024-12-20,S2A_MSIL2A_20241220T100431_N0511_R122_T31NEH_20241220T144159,97.07257551687407
150,2025-01-24,S2B_MSIL2A_20250124T100219_N0511_R022_T31NEH_20250124T125425,113.99888766649272
151,2017-05-21,S2A_MSIL2A_20170521T100031_N0500_R122_T31NFH_20230908T033050,
151,2018-01-01,S2B_MSIL2A_20180101T100409_N0500_R122_T31NEH_20230904T020713,135.7572961474174
151,2018-01-06,S2A_MSIL2A_20180106T100401_N0500_R122_T31NEH_20230802T011345,121.47497354949022
151,2019-01-06,S2B_MSIL2A_20190106T100409_N0500_R122_T31NEH_20221202T051220,140.21548290154155
151,2020-01-26,S2A_MSIL2A_20200126T100321_N0500_R122_T31NEH_20230429T154603,136.9876060548103
151,2021-01-20,S2A_MSIL2A_20210120T100331_N0500_R122_T31NEH_20230603T115026,148.76778979373094
151,2021-12-21,S2B_MSIL2A_20211221T100329_N0500_R122_T31NEH_20221226T132339,
151,2022-12-26,S2B_MSIL2A_20221226T100329_N0510_R122_T31NEH_20240803T090404,106.28268678636742
151,2023-01-10,S2A_MSIL2A_20230110T100401_N0510_R122_T31NEH_20240810T212703,24.662693887644885
151,2024-12-20,S2A_MSIL2A_20241220T100431_N0511_R122_T31NEH_20241220T144159,113.87577769194965
151,2025-01-24,S2B_MSIL2A_20250124T100219_N0511_R022_T31NEH_20250124T125425,126.30630664874947
152,2017-05-21,S2A_MSIL2A_20170521T100031_N0500_R122_T31NFH_20230908T033050,
152,2018-01-01,S2B_MSIL2A_20180101T100409_N0500_R122_T31NEH_20230904T020713,89.31138767731763
152,2018-01-06,S2A_MSIL2A_20180106T100401_N0500_R122_T31NEH_20230802T011345,112.95117916788068
152,2019-01-06,S2B_MSIL2A_20190106T100409_N0500_R122_T31NEH_20221202T051220,138.0567375134022
152,2020-01-26,S2A_MSIL2A_20200126T100321_N0500_R122_T31NEH_20230429T154603,108.24908743254623
152,2021-01-20,S2A_MSIL2A_20210120T100331_N0500_R122_T31NEH_20230603T115026,114.01863460178424
152,2021-12-21,S2B_MSIL2A_20211221T100329_N0500_R122_T31NEH_20221226T132339,
152,2022-12-26,S2B_MSIL2A_20221226T100329_N0510_R122_T31NEH_20240803T090404,81.61533376706049
152,2023-01-10,S2A_MSIL2A_20230110T100401_N0510_R122_T31NEH_20240810T212703,52.54791609933281
152,2024-12-20,S2A_MSIL2A_20241220T100431_N0511_R122_T31NEH_20241220T144159,67.91816026724109
152,2025-01-24,S2B_MSIL2A_20250124T100219_N0511_R022_T31NEH_20250124T125425,116.64502079132522
153,2017-05-21,S2A_MSIL2A_20170521T100031_N0500_R122_T31NFH_20230908T033050,
153,2018-01-01,S2B_MSIL2A_20180101T100409_N0500_R122_T31NEH_20230904T020713,62.69511564585378
153,2018-01-06,S2A_MSIL2A_20180106T100401_N0500_R122_T31NEH_20230802T011345,49.799105109398866
153,2019-01-06,S2B_MSIL2A_20190106T100409_N0500_R122_T31NEH_20221202T051220,88.31882941293553
153,2020-01-26,S2A_MSIL2A_20200126T100321_N0500_R122_T31NEH_20230429T154603,61.66486917336858
153,2021-01-20,S2A_MSIL2A_20210120T100331_N0500_R122_T31NEH_20230603T115026,84.89464111440435
153,2021-12-21,S2B_MSIL2A_20211221T100329_N0500_R122_T31NEH_20221226T132339,
153,2022-12-26,S2B_MSIL2A_20221226T100329_N0510_R122_T31NEH_20240803T090404,65.82771359332646
153,2023-01-10,S2A_MSIL2A_20230110T100401_N0510_R122_T31NEH_20240810T212703,31.442888584386584
153,2024-12-20,S2A_MSIL2A_20241220T100431_N0511_R122_T31NEH_20241220T144159,54.09319114362675
153,2025-01-24,S2B_MSIL2A_20250124T100219_N0511_R022_T31NEH_20250124T125425,109.0781857120684
154,2017-05-21,S2A_MSIL2A_20170521T100031_N0500_R122_T31NFH_20230908T033050,
154,2018-01-01,S2B_MSIL2A_20180101T100409_N0500_R122_T31NEH_20230904T020713,66.97470107177033
154,2018-01-06,S2A_MSIL2A_20180106T100401_N0500_R122_T31NEH_20230802T011345,55.986890954564295
154,2019-01-06,S2B_MSIL2A_20190106T100409_N0500_R122_T31NEH_20221202T051220,80.56297538493325
154,2020-01-26,S2A_MSIL2A_20200126T100321_N0500_R122_T31NEH_20230429T154603,66.13732954802101
154,2021-01-20,S2A_MSIL2A_20210120T100331_N0500_R122_T31NEH_20230603T115026,101.43820059213681
154,2021-12-21,S2B_MSIL2A_20211221T100329_N0500_R122_T31NEH_20221226T132339,
154,2022-12-26,S2B_MSIL2A_20221226T100329_N0510_R122_T31NEH_20240803T090404,79.23362622139364
154,2023-01-10,S2A_MSIL2A_20230110T100401_N0510_R122_T31NEH_20240810T212703,50.02306124556887
154,2024-12-20,S2A_MSIL2A_20241220T100431_N0511_R122_T31NEH_20241220T144159,60.02801710570491
154,2025-01-24,S2B_MSIL2A_20250124T100219_N0511_R022_T31NEH_20250124T125425,47.4783947756036
155,2017-05-21,S2A_MSIL2A_20170521T100031_N0500_R122_T31NFH_20230908T033050,
155,2018-01-01,S2B_MSIL2A_20180101T100409_N0500_R122_T31NEH_20230904T020713,82.02296687002705
155,2018-01-06,S2A_MSIL2A_20180106T100401_N0500_R122_T31NEH_20230802T011345,63.570122318910066
155,2019-01-06,S2B_MSIL2A_20190106T100409_N0500_R122_T31NEH_20221202T051220,87.09166304398292
155,2020-01-26,S2A_MSIL2A_20200126T100321_N0500_R122_T31NEH_20230429T154603,81.62242760589324
155,2021-01-20,S2A_MSIL2A_20210120T100331_N0500_R122_T31NEH_20230603T115026,118.66920748212529
155,2021-12-21,S2B_MSIL2A_20211221T100329_N0500_R122_T31NEH_20221226T132339,
155,2022-12-26,S2B_MSIL2A_20221226T100329_N0510_R122_T31NEH_20240803T090404,93.32542220168668
155,2023-01-10,S2A_MSIL2A_20230110T100401_N0510_R122_T31NEH_20240810T212703,71.45360854694202
155,2024-12-20,S2A_MSIL2A_20241220T100431_N0511_R122_T31NEH_20241220T144159,66.64777664223757
155,2025-01-24,S2B_MSIL2A_20250124T100219_N0511_R022_T31NEH_20250124T125425,
156,2017-05-21,S2A_MSIL2A_20170521T100031_N0500_R122_T31NFH_20230908T033050,
156,2018-01-01,S2B_MSIL2A_20180101T100409_N0500_R122_T31NEH_20230904T020713,98.64729486366957
156,2018-01-06,S2A_MSIL2A_20180106T100401_N0500_R122_T31NEH_20230802T011345,72.72672976605601
156,2019-01-06,S2B_MSIL2A_20190106T100409_N0500_R122_T31NEH_20221202T051220,95.19454609659329
156,2020-01-26,S2A_MSIL2A_20200126T100321_N0500_R122_T31NEH_20230429T154603,98.68371573256775
156,2021-01-20,S2A_MSIL2A_20210120T100331_N0500_R122_T31NEH_20230603T115026,129.97331961648214
156,2021-12-21,S2B_MSIL2A_20211221T100329_N0500_R122_T31NEH_20221226T132339,
156,2022-12-26,S2B_MSIL2A_20221226T100329_N0510_R122_T31NEH_20240803T090404,108.99370308132768
156,2023-01-10,S2A_MSIL2A_20230110T100401_N0510_R122_T31NEH_20240810T212703,94.46201059734098
156,2024-12-20,S2A_MSIL2A_20241220T100431_N0511_R122_T31NEH_20241220T144159,74.84095583686519
156,2025-01-24,S2B_MSIL2A_20250124T100219_N0511_R022_T31NEH_20250124T125425,8.132233239451756
157,2017-05-21,S2A_MSIL2A_20170521T100031_N0500_R122_T31NFH_20230908T033050,
157,2018-01-01,S2B_MSIL2A_20180101T100409_N0500_R122_T31NEH_20230904T020713,117.6515689275799
157,2018-01-06,S2A_MSIL2A_20180106T100401_N0500_R122_T31NEH_20230802T011345,84.25751519049192
157,2019-01-06,S2B_MSIL2A_20190106T100409_N0500_R122_T31NEH_20221202T051220,105.67251703932764
157,2020-01-26,S2A_MSIL2A_20200126T100321_N0500_R122_T31NEH_20230429T154603,118.12527012344684
157,2021-01-20,S2A_MSIL2A_20210120T100331_N0500_R122_T31NEH_20230603T115026,112.66095391673639
157,2021-12-21,S2B_MSIL2A_20211221T100329_N0500_R122_T31NEH_20221226T132339,
157,2022-12-26,S2B_MSIL2A_20221226T100329_N0510_R122_T31NEH_20240803T090404,119.86813086220629
157,2023-01-10,S2A_MSIL2A_20230110T100401_N0510_R122_T31NEH_20240810T212703,119.85531591816117
157,2024-12-20,S2A_MSIL2A_20241220T100431_N0511_R122_T31NEH_20241220T144159,85.40812416489183
157,2025-01-24,S2B_MSIL2A_20250124T100219_N0511_R022_T31NEH_20250124T125425,3.720749187195034
158,2017-05-21,S2A_MSIL2A_20170521T100031_N0500_R122_T31NFH_20230908T033050,
158,2018-01-01,S2B_MSIL2A_20180101T100409_N0500_R122_T31NEH_20230904T020713,126.59652683469152
158,2018-01-06,S2A_MSIL2A_20180106T100401_N0500_R122_T31NEH_20230802T011345,98.81775764067525
158,2019-01-06,S2B_MSIL2A_20190106T100409_N0500_R122_T31NEH_20221202T051220,119.18080029080424
158,2020-01-26,S2A_MSIL2A_20200126T100321_N0500_R122_T31NEH_20230429T154603,127.89261994337724
158,2021-01-20,S2A_MSIL2A_20210120T100331_N0500_R122_T31NEH_20230603T115026,98.38065512049764
158,2021-12-21,S2B_MSIL2A_20211221T100329_N0500_R122_T31NEH_20221226T132339,
158,2022-12-26,S2B_MSIL2A_20221226T100329_N0510_R122_T31NEH_20240803T090404,124.32146782989881
158,2023-01-10,S2A_MSIL2A_20230110T100401_N0510_R122_T31NEH_20240810T212703,143.17805821191314
158,2024-12-20,S2A_MSIL2A_20241220T100431_N0511_R122_T31NEH_20241220T144159,99.00423018466991
158,2025-01-24,S2B_MSIL2A_20250124T100219_N0511_R022_T31NEH_20250124T125425,
159,2017-05-21,S2A_MSIL2A_20170521T100031_N0500_R122_T31NFH_20230908T033050,
159,2018-01-01,S2B_MSIL2A_20180101T100409_N0500_R122_T31NEH_20230904T020713,134.87625799472465
159,2018-01-06,S2A_MSIL2A_20180106T100401_N0500_R122_T31NEH_20230802T011345,117.06872045005052
159,2019-01-06,S2B_MSIL2A_20190106T100409_N0500_R122_T31NEH_20221202T051220,136.38082655506616
159,2020-01-26,S2A_MSIL2A_20200126T100321_N0500_R122_T31NEH_20230429T154603,136.1725439558478
159,2021-01-20,S2A_MSIL2A_20210120T100331_N0500_R122_T31NEH_20230603T115026,105.26053622868213
159,2021-12-21,S2B_MSIL2A_20211221T100329_N0500_R122_T31NEH_20221226T132339,
159,2022-12-26,S2B_MSIL2A_20221226T100329_N0510_R122_T31NEH_20240803T090404,132.46017086184344
159,2023-01-10,S2A_MSIL2A_20230110T100401_N0510_R122_T31NEH_20240810T212703,86.2173932013802
159,2024-12-20,S2A_MSIL2A_20241220T100431_N0511_R122_T31NEH_20241220T144159,116.29010650419298
159,2025-01-24,S2B_MSIL2A_20250124T100219_N0511_R022_T31NEH_20250124T125425,23.282886322312585
160,2017-05-21,S2A_MSIL2A_20170521T100031_N0500_R122_T31NFH_20230908T033050,
160,2018-01-01,S2B_MSIL2A_20180101T100409_N0500_R122_T31NEH_20230904T020713,147.44850877645146
160,2018-01-06,S2A_MSIL2A_20180106T100401_N0500_R122_T31NEH_20230802T011345,139.62220936917984
160,2019-01-06,S2B_MSIL2A_20190106T100409_N0500_R122_T31NEH_20221202T051220,157.8843295374704
160,2020-01-26,S2A_MSIL2A_20200126T100321_N0500_R122_T31NEH_20230429T154603,148.74512928059764
160,2021-01-20,S2A_MSIL2A_20210120T100331_N0500_R122_T31NEH_20230603T115026,136.7890411067654
160,2021-12-21,S2B_MSIL2A_20211221T100329_N0500_R122_T31NEH_20221226T132339,
160,2022-12-26,S2B_MSIL2A_20221226T100329_N0510_R122_T31NEH_20240803T090404,144.89100645277023
160,2023-01-10,S2A_MSIL2A_20230110T100401_N0510_R122_T31NEH_20240810T212703,59.311269427930334
160,2024-12-20,S2A_MSIL2A_20241220T100431_N0511_R122_T31NEH_20241220T144159,137.8769367555991
160,2025-01-24,S2B_MSIL2A_20250124T100219_N0511_R022_T31NEH_20250124T125425,63.25921834023588
161,2017-05-21,S2A_MSIL2A_20170521T100031_N0500_R122_T31NFH_20230908T033050,
161,2018-01-01,S2B_MSIL2A_20180101T100409_N0500_R122_T31NEH_20230904T020713,73.26816178462722
161,2018-01-06,S2A_MSIL2A_20180106T100401_N0500_R122_T31NEH_20230802T011345,104.41716556146908
161,2019-01-06,S2B_MSIL2A_20190106T100409_N0500_R122_T31NEH_20221202T051220,89.7460411284801
161,2020-01-26,S2A_MSIL2A_20200126T100321_N0500_R122_T31NEH_20230429T154603,78.66703083915705
161,2021-01-20,S2A_MSIL2A_20210120T100331_N0500_R122_T31NEH_20230603T115026,75.41179335587394
161,2021-12-21,S2B_MSIL2A_20211221T100329_N0500_R122_T31NEH_20221226T132339,
161,2022-12-26,S2B_MSIL2A_20221226T100329_N0510_R122_T31NEH_20240803T090404,86.51822478070711
161,2023-01-10,S2A_MSIL2A_20230110T100401_N0510_R122_T31NEH_20240810T212703,58.674284857497035
161,2024-12-20,S2A_MSIL2A_20241220T100431_N0511_R122_T31NEH_20241220T144159,65.79158457011624
161,2025-01-24,S2B_MSIL2A_20250124T100219_N0511_R022_T31NEH_20250124T125425,108.12633814928569
162,2017-05-21,S2A_MSIL2A_20170521T100031_N0500_R122_T31NFH_20230908T033050,
162,2018-01-01,S2B_MSIL2A_20180101T100409_N0500_R122_T31NEH_20230904T020713,86.68287948952852
162,2018-01-06,S2A_MSIL2A_20180106T100401_N0500_R122_T31NEH_20230802T011345,64.08401040059009
162,2019-01-06,S2B_MSIL2A_20190106T100409_N0500_R122_T31NEH_20221202T051220,96.63316078064389
162,2020-01-26,S2A_MSIL2A_20200126T100321_N0500_R122_T31NEH_20230429T154603,78.36070669257117
162,2021-01-20,S2A_MSIL2A_20210120T100331_N0500_R122_T31NEH_20230603T115026,67.14076731084639
162,2021-12-21,S2B_MSIL2A_20211221T100329_N0500_R122_T31NEH_20221226T132339,154.20898533031996
162,2022-12-26,S2B_MSIL2A_20221226T100329_N0510_R122_T31NEH_20240803T090404,106.26719654785873
162,2023-01-10,S2A_MSIL2A_20230110T100401_N0510_R122_T31NEH_20240810T212703,80.80330633899835
162,2024-12-20,S2A_MSIL2A_20241220T100431_N0511_R122_T31NEH_20241220T144159,93.14889486923721
162,2025-01-24,S2B_MSIL2A_20250124T100219_N0511_R022_T31NEH_20250124T125425,
163,2017-05-21,S2A_MSIL2A_20170521T100031_N0500_R122_T31NFH_20230908T033050,
163,2018-01-01,S2B_MSIL2A_20180101T100409_N0500_R122_T31NEH_20230904T020713,109.08977949836022
163,2018-01-06,S2A_MSIL2A_20180106T100401_N0500_R122_T31NEH_20230802T011345,74.80377516944422
163,2019-01-06,S2B_MSIL2A_20190106T100409_N0500_R122_T31NEH_20221202T051220,125.98839399202383
163,2020-01-26,S2A_MSIL2A_20200126T100321_N0500_R122_T31NEH_20230429T154603,103.98307965858697
163,2021-01-20,S2A_MSIL2A_20210120T100331_N0500_R122_T31NEH_20230603T115026,102.64647994561584
163,2021-12-21,S2B_MSIL2A_20211221T100329_N0500_R122_T31NEH_20221226T132339,147.6927950618797
163,2022-12-26,S2B_MSIL2A_20221226T100329_N0510_R122_T31NEH_20240803T090404,111.58408086025263
163,2023-01-10,S2A_MSIL2A_20230110T100401_N0510_R122_T31NEH_20240810T212703,39.994378937661615
163,2024-12-20,S2A_MSIL2A_20241220T100431_N0511_R122_T31NEH_20241220T144159,101.09004370214464
163,2025-01-24,S2B_MSIL2A_20250124T100219_N0511_R022_T31NEH_20250124T125425,
164,2017-05-21,S2A_MSIL2A_20170521T100031_N0500_R122_T31NFH_20230908T033050,
164,2018-01-01,S2B_MSIL2A_20180101T100409_N0500_R122_T31NEH_20230904T020713,105.36837709749723
164,2018-01-06,S2A_MSIL2A_20180106T100401_N0500_R122_T31NEH_20230802T011345,91.78137384584298
164,2019-01-06,S2B_MSIL2A_20190106T100409_N0500_R122_T31NEH_20221202T051220,118.72945282447473
164,2020-01-26,S2A_MSIL2A_20200126T100321_N0500_R122_T31NEH_20230429T154603,92.95475473973403
164,2021-01-20,S2A_MSIL2A_20210120T100331_N0500_R122_T31NEH_20230603T115026,115.33277200016501
164,2021-12-21,S2B_MSIL2A_20211221T100329_N0500_R122_T31NEH_20221226T132339,145.38762711836407
164,2022-12-26,S2B_MSIL2A_20221226T100329_N0510_R122_T31NEH_20240803T090404,101.23748767279305
164,2023-01-10,S2A_MSIL2A_20230110T100401_N0510_R122_T31NEH_20240810T212703,40.91231803832447
164,2024-12-20,S2A_MSIL2A_20241220T100431_N0511_R122_T31NEH_20241220T144159,91.76647940513945
164,2025-01-24,S2B_MSIL2A_20250124T100219_N0511_R022_T31NEH_20250124T125425,
165,2017-05-21,S2A_MSIL2A_20170521T100031_N0500_R122_T31NFH_20230908T033050,
165,2018-01-01,S2B_MSIL2A_20180101T100409_N0500_R122_T31NEH_20230904T020713,107.82136666396887
165,2018-01-06,S2A_MSIL2A_20180106T100401_N0500_R122_T31NEH_20230802T011345,112.16074787827533
165,2019-01-06,S2B_MSIL2A_20190106T100409_N0500_R122_T31NEH_20221202T051220,121.7656771556672
165,2020-01-26,S2A_MSIL2A_20200126T100321_N0500_R122_T31NEH_20230429T154603,107.82136666396887
165,2021-01-20,S2A_MSIL2A_20210120T100331_N0500_R122_T31NEH_20230603T115026,126.29890243182466
165,2021-12-21,S2B_MSIL2A_20211221T100329_N0500_R122_T31NEH_20221226T132339,119.35640221001552
165,2022-12-26,S2B_MSIL2A_20221226T100329_N0510_R122_T31NEH_20240803T090404,103.77578130375329
165,2023-01-10,S2A_MSIL2A_20230110T100401_N0510_R122_T31NEH_20240810T212703,62.45181156060644
165,2024-12-20,S2A_MSIL2A_20241220T100431_N0511_R122_T31NEH_20241220T144159,107.82136666383771
165,2025-01-24,S2B_MSIL2A_20250124T100219_N0511_R022_T31NEH_20250124T125425,
166,2017-05-21,S2A_MSIL2A_20170521T100031_N0500_R122_T31NFH_20230908T033050,
166,2018-01-01,S2B_MSIL2A_20180101T100409_N0500_R122_T31NEH_20230904T020713,91.7618707105578
166,2018-01-06,S2A_MSIL2A_20180106T100401_N0500_R122_T31NEH_20230802T011345,102.14636515450921
166,2019-01-06,S2B_MSIL2A_20190106T100409_N0500_R122_T31NEH_20221202T051220,117.10725677631015
166,2020-01-26,S2A_MSIL2A_20200126T100321_N0500_R122_T31NEH_20230429T154603,95.79257930571994
166,2021-01-20,S2A_MSIL2A_20210120T100331_N0500_R122_T31NEH_20230603T115026,81.36432715978735
166,2021-12-21,S2B_MSIL2A_20211221T100329_N0500_R122_T31NEH_20221226T132339,112.48938367780977
166,2022-12-26,S2B_MSIL2A_20221226T100329_N0510_R122_T31NEH_20240803T090404,133.06922419119513
166,2023-01-10,S2A_MSIL2A_20230110T100401_N0510_R122_T31NEH_20240810T212703,86.84395953947197
166,2024-12-20,S2A_MSIL2A_20241220T100431_N0511_R122_T31NEH_20241220T144159,116.82533757946689
166,2025-01-24,S2B_MSIL2A_20250124T100219_N0511_R022_T31NEH_20250124T125425,
167,2017-05-21,S2A_MSIL2A_20170521T100031_N0500_R122_T31NFH_20230908T033050,
167,2018-01-01,S2B_MSIL2A_20180101T100409_N0500_R122_T31NEH_20230904T020713,110.20794362329457
167,2018-01-06,S2A_MSIL2A_20180106T100401_N0500_R122_T31NEH_20230802T011345,90.44611912965216
167,2019-01-06,S2B_MSIL2A_20190106T100409_N0500_R122_T31NEH_20221202T051220,103.3060871593935
167,2020-01-26,S2A_MSIL2A_20200126T100321_N0500_R122_T31NEH_20230429T154603,77.7991491033024
167,2021-01-20,S2A_MSIL2A_20210120T100331_N0500_R122_T31NEH_20230603T115026,94.80478397061466
167,2021-12-21,S2B_MSIL2A_20211221T100329_N0500_R122_T31NEH_20221226T132339,139.39024192366193
167,2022-12-26,S2B_MSIL2A_20221226T100329_N0510_R122_T31NEH_20240803T090404,114.00779086410927
167,2023-01-10,S2A_MSIL2A_20230110T100401_N0510_R122_T31NEH_20240810T212703,57.92557870960384
167,2024-12-20,S2A_MSIL2A_20241220T100431_N0511_R122_T31NEH_20241220T144159,105.27317071068366
167,2025-01-24,S2B_MSIL2A_20250124T100219_N0511_R022_T31NEH_20250124T125425,
168,2017-05-21,S2A_MSIL2A_20170521T100031_N0500_R122_T31NFH_20230908T033050,
168,2018-01-01,S2B_MSIL2A_20180101T100409_N0500_R122_T31NEH_20230904T020713,106.04963123690337
168,2018-01-06,S2A_MSIL2A_20180106T100401_N0500_R122_T31NEH_20230802T011345,79.33161311825
168,2019-01-06,S2B_MSIL2A_20190106T100409_N0500_R122_T31NEH_20221202T051220,102.89827673690758
168,2020-01-26,S2A_MSIL2A_20200126T100321_N0500_R122_T31NEH_20230429T154603,75.90193879261916
168,2021-01-20,S2A_MSIL2A_20210120T100331_N0500_R122_T31NEH_20230603T115026,108.83170648158074
168,2021-12-21,S2B_MSIL2A_20211221T100329_N0500_R122_T31NEH_20221226T132339,99.42564651429095
168,2022-12-26,S2B_MSIL2A_20221226T100329_N0510_R122_T31NEH_20240803T090404,98.50052575071304
168,2023-01-10,S2A_MSIL2A_20230110T100401_N0510_R122_T31NEH_20240810T212703,104.11526409838638
168,2024-12-20,S2A_MSIL2A_20241220T100431_N0511_R122_T31NEH_20241220T144159,115.63868466010801
168,2025-01-24,S2B_MSIL2A_20250124T100219_N0511_R022_T31NEH_20250124T125425,
169,2017-05-21,S2A_MSIL2A_20170521T100031_N0500_R122_T31NFH_20230908T033050,
169,2018-01-01,S2B_MSIL2A_20180101T100409_N0500_R122_T31NEH_20230904T020713,89.75539438845489
169,2018-01-06,S2A_MSIL2A_20180106T100401_N0500_R122_T31NEH_20230802T011345,97.8685705674414
169,2019-01-06,S2B_MSIL2A_20190106T100409_N0500_R122_T31NEH_20221202T051220,102.61756526000873
169,2020-01-26,S2A_MSIL2A_20200126T100321_N0500_R122_T31NEH_20230429T154603,89.75539438845489
169,2021-01-20,S2A_MSIL2A_20210120T100331_N0500_R122_T31NEH_20230603T115026,139.94827791228346
169,2021-12-21,S2B_MSIL2A_20211221T100329_N0500_R122_T31NEH_20221226T132339,101.99876833787151
169,2022-12-26,S2B_MSIL2A_20221226T100329_N0510_R122_T31NEH_20240803T090404,105.16725074663553
169,2023-01-10,S2A_MSIL2A_20230110T100401_N0510_R122_T31NEH_20240810T212703,150.43362343857422
169,2024-12-20,S2A_MSIL2A_20241220T100431_N0511_R122_T31NEH_20241220T144159,89.28964652385912
169,2025-01-24,S2B_MSIL2A_20250124T100219_N0511_R022_T31NEH_20250124T125425,
170,2017-05-21,S2A_MSIL2A_20170521T100031_N0500_R122_T31NFH_20230908T033050,
170,2018-01-01,S2B_MSIL2A_20180101T100409_N0500_R122_T31NEH_20230904T020713,75.05093937204552
170,2018-01-06,S2A_MSIL2A_20180106T100401_N0500_R122_T31NEH_20230802T011345,97.18356594774264
170,2019-01-06,S2B_MSIL2A_20190106T100409_N0500_R122_T31NEH_20221202T051220,88.07124440589936
170,2020-01-26,S2A_MSIL2A_20200126T100321_N0500_R122_T31NEH_20230429T154603,89.7993676065166
170,2021-01-20,S2A_MSIL2A_20210120T100331_N0500_R122_T31NEH_20230603T115026,189.93618877035544
170,2021-12-21,S2B_MSIL2A_20211221T100329_N0500_R122_T31NEH_20221226T132339,130.82642145172184
170,2022-12-26,S2B_MSIL2A_20221226T100329_N0510_R122_T31NEH_20240803T090404,127.86783005568344
170,2023-01-10,S2A_MSIL2A_20230110T100401_N0510_R122_T31NEH_20240810T212703,139.53607295221252
170,2024-12-20,S2A_MSIL2A_20241220T100431_N0511_R122_T31NEH_20241220T144159,123.91698052853059
170,2025-01-24,S2B_MSIL2A_20250124T100219_N0511_R022_T31NEH_20250124T125425,
171,2017-05-21,S2A_MSIL2A_20170521T100031_N0500_R122_T31NFH_20230908T033050,
171,2018-01-01,S2B_MSIL2A_20180101T100409_N0500_R122_T31NEH_20230904T020713,75.94253202816596
171,2018-01-06,S2A_MSIL2A_20180106T100401_N0500_R122_T31NEH_20230802T011345,71.42628534864346
171,2019-01-06,S2B_MSIL2A_20190106T100409_N0500_R122_T31NEH_20221202T051220,91.35303774934354
171,2020-01-26,S2A_MSIL2A_20200126T100321_N0500_R122_T31NEH_20230429T154603,101.05118981606039
171,2021-01-20,S2A_MSIL2A_20210120T100331_N0500_R122_T31NEH_20230603T115026,192.9206691467217
171,2021-12-21,S2B_MSIL2A_20211221T100329_N0500_R122_T31NEH_20221226T132339,125.71064002423294
171,2022-12-26,S2B_MSIL2A_20221226T100329_N0510_R122_T31NEH_20240803T090404,98.23138304012963
171,2023-01-10,S2A_MSIL2A_20230110T100401_N0510_R122_T31NEH_20240810T212703,47.87643761631199
171,2024-12-20,S2A_MSIL2A_20241220T100431_N0511_R122_T31NEH_20241220T144159,95.02729164140698
171,2025-01-24,S2B_MSIL2A_20250124T100219_N0511_R022_T31NEH_20250124T125425,
172,2017-05-21,S2A_MSIL2A_20170521T100031_N0500_R122_T31NFH_20230908T033050,
172,2018-01-01,S2B_MSIL2A_20180101T100409_N0500_R122_T31NEH_20230904T020713,75.1659787020044
172,2018-01-06,S2A_MSIL2A_20180106T100401_N0500_R122_T31NEH_20230802T011345,67.35146596869075
172,2019-01-06,S2B_MSIL2A_20190106T100409_N0500_R122_T31NEH_20221202T051220,95.35082310935101
172,2020-01-26,S2A_MSIL2A_20200126T100321_N0500_R122_T31NEH_20230429T154603,65.532186729888
172,2021-01-20,S2A_MSIL2A_20210120T100331_N0500_R122_T31NEH_20230603T115026,202.26261896417574
172,2021-12-21,S2B_MSIL2A_20211221T100329_N0500_R122_T31NEH_20221226T132339,131.04284983950674
172,2022-12-26,S2B_MSIL2A_20221226T100329_N0510_R122_T31NEH_20240803T090404,112.65687708524968
172,2023-01-10,S2A_MSIL2A_20230110T100401_N0510_R122_T31NEH_20240810T212703,84.07630751751685
172,2024-12-20,S2A_MSIL2A_20241220T100431_N0511_R122_T31NEH_20241220T144159,112.00567452336567
172,2025-01-24,S2B_MSIL2A_20250124T100219_N0511_R022_T31NEH_20250124T125425,
173,2017-05-21,S2A_MSIL2A_20170521T100031_N0500_R122_T31NFH_20230908T033050,
173,2018-01-01,S2B_MSIL2A_20180101T100409_N0500_R122_T31NEH_20230904T020713,71.77877649989651
173,2018-01-06,S2A_MSIL2A_20180106T100401_N0500_R122_T31NEH_20230802T011345,77.03001322965666
173,2019-01-06,S2B_MSIL2A_20190106T100409_N0500_R122_T31NEH_20221202T051220,96.73870359929343
173,2020-01-26,S2A_MSIL2A_20200126T100321_N0500_R122_T31NEH_20230429T154603,82.05597031121134
173,2021-01-20,S2A_MSIL2A_20210120T100331_N0500_R122_T31NEH_20230603T115026,196.66455279628875
173,2021-12-21,S2B_MSIL2A_20211221T100329_N0500_R122_T31NEH_20221226T132339,110.50691535129845
173,2022-12-26,S2B_MSIL2A_20221226T100329_N0510_R122_T31NEH_20240803T090404,128.7865909049965
173,2023-01-10,S2A_MSIL2A_20230110T100401_N0510_R122_T31NEH_20240810T212703,117.64238109571893
173,2024-12-20,S2A_MSIL2A_20241220T100431_N0511_R122_T31NEH_20241220T144159,102.6388739375035
173,2025-01-24,S2B_MSIL2A_20250124T100219_N0511_R022_T31NEH_20250124T125425,
174,2017-05-21,S2A_MSIL2A_20170521T100031_N0500_R122_T31NFH_20230908T033050,
174,2018-01-01,S2B_MSIL2A_20180101T100409_N0500_R122_T31NEH_20230904T020713,111.19990765393403
174,2018-01-06,S2A_MSIL2A_20180106T100401_N0500_R122_T31NEH_20230802T011345,83.39580057033595
174,2019-01-06,S2B_MSIL2A_20190106T100409_N0500_R122_T31NEH_20221202T051220,125.9344991943365
174,2020-01-26,S2A_MSIL2A_20200126T100321_N0500_R122_T31NEH_20230429T154603,95.26342877826599
174,2021-01-20,S2A_MSIL2A_20210120T100331_N0500_R122_T31NEH_20230603T115026,92.78827935102362
174,2021-12-21,S2B_MSIL2A_20211221T100329_N0500_R122_T31NEH_20221226T132339,117.69667172033522
174,2022-12-26,S2B_MSIL2A_20221226T100329_N0510_R122_T31NEH_20240803T090404,102.56592554255555
174,2023-01-10,S2A_MSIL2A_20230110T100401_N0510_R122_T31NEH_20240810T212703,133.91512827777524
174,2024-12-20,S2A_MSIL2A_20241220T100431_N0511_R122_T31NEH_20241220T144159,114.24453757953404
174,2025-01-24,S2B_MSIL2A_20250124T100219_N0511_R022_T31NEH_20250124T125425,
175,2017-05-21,S2A_MSIL2A_20170521T100031_N0500_R122_T31NFH_20230908T033050,
175,2018-01-01,S2B_MSIL2A_20180101T100409_N0500_R122_T31NEH_20230904T020713,81.18119293382122
175,2018-01-06,S2A_MSIL2A_20180106T100401_N0500_R122_T31NEH_20230802T011345,85.57654399086013
175,2019-01-06,S2B_MSIL2A_20190106T100409_N0500_R122_T31NEH_20221202T051220,116.2292021921103
175,2020-01-26,S2A_MSIL2A_20200126T100321_N0500_R122_T31NEH_20230429T154603,104.28327661051114
175,2021-01-20,S2A_MSIL2A_20210120T100331_N0500_R122_T31NEH_20230603T115026,102.47658807552953
175,2021-12-21,S2B_MSIL2A_20211221T100329_N0500_R122_T31NEH_20221226T132339,129.87130205013298
175,2022-12-26,S2B_MSIL2A_20221226T100329_N0510_R122_T31NEH_20240803T090404,133.0854658742015
175,2023-01-10,S2A_MSIL2A_20230110T100401_N0510_R122_T31NEH_20240810T212703,69.1764528385213
175,2024-12-20,S2A_MSIL2A_20241220T100431_N0511_R122_T31NEH_20241220T144159,135.89029222657302
175,2025-01-24,S2B_MSIL2A_20250124T100219_N0511_R022_T31NEH_20250124T125425,
176,2017-05-21,S2A_MSIL2A_20170521T100031_N0500_R122_T31NFH_20230908T033050,
176,2018-01-01,S2B_MSIL2A_20180101T100409_N0500_R122_T31NEH_20230904T020713,84.21244454330589
176,2018-01-06,S2A_MSIL2A_20180106T100401_N0500_R122_T31NEH_20230802T011345,82.58162948587699
176,2019-01-06,S2B_MSIL2A_20190106T100409_N0500_R122_T31NEH_20221202T051220,126.84594513608072
176,2020-01-26,S2A_MSIL2A_20200126T100321_N0500_R122_T31NEH_20230429T154603,108.1279641293124
176,2021-01-20,S2A_MSIL2A_20210120T100331_N0500_R122_T31NEH_20230603T115026,84.22975582903686
176,2021-12-21,S2B_MSIL2A_20211221T100329_N0500_R122_T31NEH_20221226T132339,120.5553719678581
176,2022-12-26,S2B_MSIL2A_20221226T100329_N0510_R122_T31NEH_20240803T090404,145.2059253639543
176,2023-01-10,S2A_MSIL2A_20230110T100401_N0510_R122_T31NEH_20240810T212703,65.86888937620779
176,2024-12-20,S2A_MSIL2A_20241220T100431_N0511_R122_T31NEH_20241220T144159,128.1283953224614
176,2025-01-24,S2B_MSIL2A_20250124T100219_N0511_R022_T31NEH_20250124T125425,
177,2017-05-21,S2A_MSIL2A_20170521T100031_N0500_R122_T31NFH_20230908T033050,
177,2018-01-01,S2B_MSIL2A_20180101T100409_N0500_R122_T31NEH_20230904T020713,81.28562317747618
177,2018-01-06,S2A_MSIL2A_20180106T100401_N0500_R122_T31NEH_20230802T011345,73.62612439268106
177,2019-01-06,S2B_MSIL2A_20190106T100409_N0500_R122_T31NEH_20221202T051220,83.75337028664917
177,2020-01-26,S2A_MSIL2A_20200126T100321_N0500_R122_T31NEH_20230429T154603,79.11724146397968
177,2021-01-20,S2A_MSIL2A_20210120T100331_N0500_R122_T31NEH_20230603T115026,105.79472582602565
177,2021-12-21,S2B_MSIL2A_20211221T100329_N0500_R122_T31NEH_20221226T132339,101.64047036617481
177,2022-12-26,S2B_MSIL2A_20221226T100329_N0510_R122_T31NEH_20240803T090404,103.38259983673166
177,2023-01-10,S2A_MSIL2A_20230110T100401_N0510_R122_T31NEH_20240810T212703,60.92858604143827
177,2024-12-20,S2A_MSIL2A_20241220T100431_N0511_R122_T31NEH_20241220T144159,110.36566049903537
177,2025-01-24,S2B_MSIL2A_20250124T100219_N0511_R022_T31NEH_20250124T125425,
178,2017-05-21,S2A_MSIL2A_20170521T100031_N0500_R122_T31NFH_20230908T033050,
178,2018-01-01,S2B_MSIL2A_20180101T100409_N0500_R122_T31NEH_20230904T020713,71.65614426702403
178,2018-01-06,S2A_MSIL2A_20180106T100401_N0500_R122_T31NEH_20230802T011345,57.95964380994707
178,2019-01-06,S2B_MSIL2A_20190106T100409_N0500_R122_T31NEH_20221202T051220,81.48640438897249
178,2020-01-26,S2A_MSIL2A_20200126T100321_N0500_R122_T31NEH_20230429T154603,41.15261716436858
178,2021-01-20,S2A_MSIL2A_20210120T100331_N0500_R122_T31NEH_20230603T115026,88.09163658443677
178,2021-12-21,S2B_MSIL2A_20211221T100329_N0500_R122_T31NEH_20221226T132339,90.3742997780737
178,2022-12-26,S2B_MSIL2A_20221226T100329_N0510_R122_T31NEH_20240803T090404,95.56446988415028
178,2023-01-10,S2A_MSIL2A_20230110T100401_N0510_R122_T31NEH_20240810T212703,60.83945097314444
178,2024-12-20,S2A_MSIL2A_20241220T100431_N0511_R122_T31NEH_20241220T144159,85.88389502864287
178,2025-01-24,S2B_MSIL2A_20250124T100219_N0511_R022_T31NEH_20250124T125425,
179,2017-05-21,S2A_MSIL2A_20170521T100031_N0500_R122_T31NFH_20230908T033050,
179,2018-01-01,S2B_MSIL2A_20180101T100409_N0500_R122_T31NEH_20230904T020713,54.54660598638902
179,2018-01-06,S2A_MSIL2A_20180106T100401_N0500_R122_T31NEH_20230802T011345,47.75158174061978
179,2019-01-06,S2B_MSIL2A_20190106T100409_N0500_R122_T31NEH_20221202T051220,71.75126073932273
179,2020-01-26,S2A_MSIL2A_20200126T100321_N0500_R122_T31NEH_20230429T154603,61.98926426539139
179,2021-01-20,S2A_MSIL2A_20210120T100331_N0500_R122_T31NEH_20230603T115026,74.3016755211825
179,2021-12-21,S2B_MSIL2A_20211221T100329_N0500_R122_T31NEH_20221226T132339,71.63006794484998
179,2022-12-26,S2B_MSIL2A_20221226T100329_N0510_R122_T31NEH_20240803T090404,85.9427218853016
179,2023-01-10,S2A_MSIL2A_20230110T100401_N0510_R122_T31NEH_20240810T212703,63.75484419900654
179,2024-12-20,S2A_MSIL2A_20241220T100431_N0511_R122_T31NEH_20241220T144159,53.88750274615962
179,2025-01-24,S2B_MSIL2A_20250124T100219_N0511_R022_T31NEH_20250124T125425,
180,2017-05-21,S2A_MSIL2A_20170521T100031_N0500_R122_T31NFH_20230908T033050,
180,2018-01-01,S2B_MSIL2A_20180101T100409_N0500_R122_T31NEH_20230904T020713,73.92910273644725
180,2018-01-06,S2A_MSIL2A_20180106T100401_N0500_R122_T31NEH_20230802T011345,73.92910273644725
180,2019-01-06,S2B_MSIL2A_20190106T100409_N0500_R122_T31NEH_20221202T051220,90.18053278133132
180,2020-01-26,S2A_MSIL2A_20200126T100321_N0500_R122_T31NEH_20230429T154603,81.76997551351737
180,2021-01-20,S2A_MSIL2A_20210120T100331_N0500_R122_T31NEH_20230603T115026,53.91012491431862
180,2021-12-21,S2B_MSIL2A_20211221T100329_N0500_R122_T31NEH_20221226T132339,73.92910273644725
180,2022-12-26,S2B_MSIL2A_20221226T100329_N0510_R122_T31NEH_20240803T090404,68.40571133280471
180,2023-01-10,S2A_MSIL2A_20230110T100401_N0510_R122_T31NEH_20240810T212703,78.35807547804085
180,2024-12-20,S2A_MSIL2A_20241220T100431_N0511_R122_T31NEH_20241220T144159,73.92910273633095
180,2025-01-24,S2B_MSIL2A_20250124T100219_N0511_R022_T31NEH_20250124T125425,
181,2017-05-21,S2A_MSIL2A_20170521T100031_N0500_R122_T31NFH_20230908T033050,
181,2018-01-01,S2B_MSIL2A_20180101T100409_N0500_R122_T31NEH_20230904T020713,92.38486631144487
181,2018-01-06,S2A_MSIL2A_20180106T100401_N0500_R122_T31NEH_20230802T011345,92.38486631144487
181,2019-01-06,S2B_MSIL2A_20190106T100409_N0500_R122_T31NEH_20221202T051220,104.4919135344441
181,2020-01-26,S2A_MSIL2A_20200126T100321_N0500_R122_T31NEH_20230429T154603,93.84603812003569
181,2021-01-20,S2A_MSIL2A_20210120T100331_N0500_R122_T31NEH_20230603T115026,72.37662319447766
181,2021-12-21,S2B_MSIL2A_20211221T100329_N0500_R122_T31NEH_20221226T132339,92.38486631144487
181,2022-12-26,S2B_MSIL2A_20221226T100329_N0510_R122_T31NEH_20240803T090404,74.1301172488336
181,2023-01-10,S2A_MSIL2A_20230110T100401_N0510_R122_T31NEH_20240810T212703,85.26426453186137
181,2024-12-20,S2A_MSIL2A_20241220T100431_N0511_R122_T31NEH_20241220T144159,92.3848663113285
181,2025-01-24,S2B_MSIL2A_20250124T100219_N0511_R022_T31NEH_20250124T125425,
182,2017-05-21,S2A_MSIL2A_20170521T100031_N0500_R122_T31NFH_20230908T033050,
182,2018-01-01,S2B_MSIL2A_20180101T100409_N0500_R122_T31NEH_20230904T020713,103.7514463800615
182,2018-01-06,S2A_MSIL2A_20180106T100401_N0500_R122_T31NEH_20230802T011345,103.7514463800615
182,2019-01-06,S2B_MSIL2A_20190106T100409_N0500_R122_T31NEH_20221202T051220,111.72290932995253
182,2020-01-26,S2A_MSIL2A_20200126T100321_N0500_R122_T31NEH_20230429T154603,98.84168458270187
182,2021-01-20,S2A_MSIL2A_20210120T100331_N0500_R122_T31NEH_20230603T115026,83.74901265645428
182,2021-12-21,S2B_MSIL2A_20211221T100329_N0500_R122_T31NEH_20221226T132339,103.7514463800615
182,2022-12-26,S2B_MSIL2A_20221226T100329_N0510_R122_T31NEH_20240803T090404,88.1223311307645
182,2023-01-10,S2A_MSIL2A_20230110T100401_N0510_R122_T31NEH_20240810T212703,85.0917547486424
182,2024-12-20,S2A_MSIL2A_20241220T100431_N0511_R122_T31NEH_20241220T144159,103.7514463799451
182,2025-01-24,S2B_MSIL2A_20250124T100219_N0511_R022_T31NEH_20250124T125425,
183,2017-05-21,S2A_MSIL2A_20170521T100031_N0500_R122_T31NFH_20230908T033050,
183,2018-01-01,S2B_MSIL2A_20180101T100409_N0500_R122_T31NEH_20230904T020713,109.04114478805006
183,2018-01-06,S2A_MSIL2A_20180106T100401_N0500_R122_T31NEH_20230802T011345,109.04114478781723
183,2019-01-06,S2B_MSIL2A_20190106T100409_N0500_R122_T31NEH_20221202T051220,112.88073415296437
183,2020-01-26,S2A_MSIL2A_20200126T100321_N0500_R122_T31NEH_20230429T154603,97.76274025662188
183,2021-01-20,S2A_MSIL2A_20210120T100331_N0500_R122_T31NEH_20230603T115026,89.04093656091032
183,2021-12-21,S2B_MSIL2A_20211221T100329_N0500_R122_T31NEH_20221226T132339,109.04114478793365
183,2022-12-26,S2B_MSIL2A_20221226T100329_N0510_R122_T31NEH_20240803T090404,96.03230590373808
183,2023-01-10,S2A_MSIL2A_20230110T100401_N0510_R122_T31NEH_20240810T212703,78.842541099737
183,2024-12-20,S2A_MSIL2A_20241220T100431_N0511_R122_T31NEH_20241220T144159,109.04114478781723
183,2025-01-24,S2B_MSIL2A_20250124T100219_N0511_R022_T31NEH_20250124T125425,
184,2017-05-21,S2A_MSIL2A_20170521T100031_N0500_R122_T31NFH_20230908T033050,
184,2018-01-01,S2B_MSIL2A_20180101T100409_N0500_R122_T31NEH_20230904T020713,109.23784205596229
184,2018-01-06,S2A_MSIL2A_20180106T100401_N0500_R122_T31NEH_20230802T011345,109.23784205572946
184,2019-01-06,S2B_MSIL2A_20190106T100409_N0500_R122_T31NEH_20221202T051220,109.95514903939774
184,2020-01-26,S2A_MSIL2A_20200126T100321_N0500_R122_T31NEH_20230429T154603,91.58934721952896
184,2021-01-20,S2A_MSIL2A_20210120T100331_N0500_R122_T31NEH_20230603T115026,89.23762807381311
184,2021-12-21,S2B_MSIL2A_20211221T100329_N0500_R122_T31NEH_20221226T132339,109.23784205584587
184,2022-12-26,S2B_MSIL2A_20221226T100329_N0510_R122_T31NEH_20240803T090404,98.84693742897382
184,2023-01-10,S2A_MSIL2A_20230110T100401_N0510_R122_T31NEH_20240810T212703,69.78053432706687
184,2024-12-20,S2A_MSIL2A_20241220T100431_N0511_R122_T31NEH_20241220T144159,109.23784205572946
184,2025-01-24,S2B_MSIL2A_20250124T100219_N0511_R022_T31NEH_20250124T125425,
185,2017-05-21,S2A_MSIL2A_20170521T100031_N0500_R122_T31NFH_20230908T033050,
185,2018-01-01,S2B_MSIL2A_20180101T100409_N0500_R122_T31NEH_20230904T020713,105.23126474914287
185,2018-01-06,S2A_MSIL2A_20180106T100401_N0500_R122_T31NEH_20230802T011345,105.23126474891005
185,2019-01-06,S2B_MSIL2A_20190106T100409_N0500_R122_T31NEH_20221202T051220,116.10396916516054
185,2020-01-26,S2A_MSIL2A_20200126T100321_N0500_R122_T31NEH_20230429T154603,93.99177860987858
185,2021-01-20,S2A_MSIL2A_20210120T100331_N0500_R122_T31NEH_20230603T115026,85.22977618581278
185,2021-12-21,S2B_MSIL2A_20211221T100329_N0500_R122_T31NEH_20221226T132339,105.23126474902647
185,2022-12-26,S2B_MSIL2A_20221226T100329_N0510_R122_T31NEH_20240803T090404,97.45773505688759
185,2023-01-10,S2A_MSIL2A_20230110T100401_N0510_R122_T31NEH_20240810T212703,69.37038720251105
185,2024-12-20,S2A_MSIL2A_20241220T100431_N0511_R122_T31NEH_20241220T144159,105.23126474891005
185,2025-01-24,S2B_MSIL2A_20250124T100219_N0511_R022_T31NEH_20250124T125425,
186,2017-05-21,S2A_MSIL2A_20170521T100031_N0500_R122_T31NFH_20230908T033050,
186,2018-01-01,S2B_MSIL2A_20180101T100409_N0500_R122_T31NEH_20230904T020713,102.76737641958685
186,2018-01-06,S2A_MSIL2A_20180106T100401_N0500_R122_T31NEH_20230802T011345,97.63633539532671
186,2019-01-06,S2B_MSIL2A_20190106T100409_N0500_R122_T31NEH_20221202T051220,118.66562363387013
186,2020-01-26,S2A_MSIL2A_20200126T100321_N0500_R122_T31NEH_20230429T154603,100.28321727026957
186,2021-01-20,S2A_MSIL2A_20210120T100331_N0500_R122_T31NEH_20230603T115026,83.68281703110041
186,2021-12-21,S2B_MSIL2A_20211221T100329_N0500_R122_T31NEH_20221226T132339,97.63633539544311
186,2022-12-26,S2B_MSIL2A_20221226T100329_N0510_R122_T31NEH_20240803T090404,92.48054611215666
186,2023-01-10,S2A_MSIL2A_20230110T100401_N0510_R122_T31NEH_20240810T212703,65.37113719174572
186,2024-12-20,S2A_MSIL2A_20241220T100431_N0511_R122_T31NEH_20241220T144159,97.63633539532671
186,2025-01-24,S2B_MSIL2A_20250124T100219_N0511_R022_T31NEH_20250124T125425,
187,2017-05-21,S2A_MSIL2A_20170521T100031_N0500_R122_T31NFH_20230908T033050,
187,2018-01-01,S2B_MSIL2A_20180101T100409_N0500_R122_T31NEH_20230904T020713,102.33338013420494
187,2018-01-06,S2A_MSIL2A_20180106T100401_N0500_R122_T31NEH_20230802T011345,87.1510570881066
187,2019-01-06,S2B_MSIL2A_20190106T100409_N0500_R122_T31NEH_20221202T051220,118.33940846302025
187,2020-01-26,S2A_MSIL2A_20200126T100321_N0500_R122_T31NEH_20230429T154603,103.68561870519422
187,2021-01-20,S2A_MSIL2A_20210120T100331_N0500_R122_T31NEH_20230603T115026,88.65971386705294
187,2021-12-21,S2B_MSIL2A_20211221T100329_N0500_R122_T31NEH_20221226T132339,97.51641921324044
187,2022-12-26,S2B_MSIL2A_20221226T100329_N0510_R122_T31NEH_20240803T090404,84.61385150081392
187,2023-01-10,S2A_MSIL2A_20230110T100401_N0510_R122_T31NEH_20240810T212703,58.48225928884302
187,2024-12-20,S2A_MSIL2A_20241220T100431_N0511_R122_T31NEH_20241220T144159,95.3455706063896
187,2025-01-24,S2B_MSIL2A_20250124T100219_N0511_R022_T31NEH_20250124T125425,
188,2017-05-21,S2A_MSIL2A_20170521T100031_N0500_R122_T31NFH_20230908T033050,
188,2018-01-01,S2B_MSIL2A_20180101T100409_N0500_R122_T31NEH_20230904T020713,99.95827475255716
188,2018-01-06,S2A_MSIL2A_20180106T100401_N0500_R122_T31NEH_20230802T011345,95.83830375118553
188,2019-01-06,S2B_MSIL2A_20190106T100409_N0500_R122_T31NEH_20221202T051220,116.0722304096453
188,2020-01-26,S2A_MSIL2A_20200126T100321_N0500_R122_T31NEH_20230429T154603,105.14690837454542
188,2021-01-20,S2A_MSIL2A_20210120T100331_N0500_R122_T31NEH_20230603T115026,91.69490410934867
188,2021-12-21,S2B_MSIL2A_20211221T100329_N0500_R122_T31NEH_20221226T132339,96.9949243986499
188,2022-12-26,S2B_MSIL2A_20221226T100329_N0510_R122_T31NEH_20240803T090404,75.64421186044032
188,2023-01-10,S2A_MSIL2A_20230110T100401_N0510_R122_T31NEH_20240810T212703,49.65211623679908
188,2024-12-20,S2A_MSIL2A_20241220T100431_N0511_R122_T31NEH_20241220T144159,93.28270237316549
188,2025-01-24,S2B_MSIL2A_20250124T100219_N0511_R022_T31NEH_20250124T125425,
189,2017-05-21,S2A_MSIL2A_20170521T100031_N0500_R122_T31NFH_20230908T033050,
189,2018-01-01,S2B_MSIL2A_20180101T100409_N0500_R122_T31NEH_20230904T020713,96.58756892211348
189,2018-01-06,S2A_MSIL2A_20180106T100401_N0500_R122_T31NEH_20230802T011345,107.82288512927335
189,2019-01-06,S2B_MSIL2A_20190106T100409_N0500_R122_T31NEH_20221202T051220,112.80933812580328
189,2020-01-26,S2A_MSIL2A_20200126T100321_N0500_R122_T31NEH_20230429T154603,115.3572257897719
189,2021-01-20,S2A_MSIL2A_20210120T100331_N0500_R122_T31NEH_20230603T115026,93.73438771884463
189,2021-12-21,S2B_MSIL2A_20211221T100329_N0500_R122_T31NEH_20221226T132339,95.47787933152017
189,2022-12-26,S2B_MSIL2A_20221226T100329_N0510_R122_T31NEH_20240803T090404,91.60848222846165
189,2023-01-10,S2A_MSIL2A_20230110T100401_N0510_R122_T31NEH_20240810T212703,39.8274450675256
189,2024-12-20,S2A_MSIL2A_20241220T100431_N0511_R122_T31NEH_20241220T144159,90.22428897371357
189,2025-01-24,S2B_MSIL2A_20250124T100219_N0511_R022_T31NEH_20250124T125425,
190,2017-05-21,S2A_MSIL2A_20170521T100031_N0500_R122_T31NFH_20230908T033050,
190,2018-01-01,S2B_MSIL2A_20180101T100409_N0500_R122_T31NEH_20230904T020713,93.09289949720777
190,2018-01-06,S2A_MSIL2A_20180106T100401_N0500_R122_T31NEH_20230802T011345,112.37096049206941
190,2019-01-06,S2B_MSIL2A_20190106T100409_N0500_R122_T31NEH_20221202T051220,109.42232677873663
190,2020-01-26,S2A_MSIL2A_20200126T100321_N0500_R122_T31NEH_20230429T154603,476.40485805898714
190,2021-01-20,S2A_MSIL2A_20210120T100331_N0500_R122_T31NEH_20230603T115026,95.64983969892056
190,2021-12-21,S2B_MSIL2A_20211221T100329_N0500_R122_T31NEH_20221226T132339,93.83686159150007
190,2022-12-26,S2B_MSIL2A_20221226T100329_N0510_R122_T31NEH_20240803T090404,107.44823225443703
190,2023-01-10,S2A_MSIL2A_20230110T100401_N0510_R122_T31NEH_20240810T212703,83.09687465877023
190,2024-12-20,S2A_MSIL2A_20241220T100431_N0511_R122_T31NEH_20241220T144159,87.04196677187186
190,2025-01-24,S2B_MSIL2A_20250124T100219_N0511_R022_T31NEH_20250124T125425,
191,2017-05-21,S2A_MSIL2A_20170521T100031_N0500_R122_T31NFH_20230908T033050,
191,2018-01-01,S2B_MSIL2A_20180101T100409_N0500_R122_T31NEH_20230904T020713,90.22556984811926
191,2018-01-06,S2A_MSIL2A_20180106T100401_N0500_R122_T31NEH_20230802T011345,109.25716030567742
191,2019-01-06,S2B_MSIL2A_20190106T100409_N0500_R122_T31NEH_20221202T051220,106.66253513054234
191,2020-01-26,S2A_MSIL2A_20200126T100321_N0500_R122_T31NEH_20230429T154603,
191,2021-01-20,S2A_MSIL2A_20210120T100331_N0500_R122_T31NEH_20230603T115026,98.19252643820265
191,2021-12-21,S2B_MSIL2A_20211221T100329_N0500_R122_T31NEH_20221226T132339,92.8231032123124
191,2022-12-26,S2B_MSIL2A_20221226T100329_N0510_R122_T31NEH_20240803T090404,103.59317723977034
191,2023-01-10,S2A_MSIL2A_20230110T100401_N0510_R122_T31NEH_20240810T212703,74.84968170573539
191,2024-12-20,S2A_MSIL2A_20241220T100431_N0511_R122_T31NEH_20241220T144159,84.48700717620673
191,2025-01-24,S2B_MSIL2A_20250124T100219_N0511_R022_T31NEH_20250124T125425,
192,2017-05-21,S2A_MSIL2A_20170521T100031_N0500_R122_T31NFH_20230908T033050,
192,2018-01-01,S2B_MSIL2A_20180101T100409_N0500_R122_T31NEH_20230904T020713,88.53353813560138
192,2018-01-06,S2A_MSIL2A_20180106T100401_N0500_R122_T31NEH_20230802T011345,107.31872613150544
192,2019-01-06,S2B_MSIL2A_20190106T100409_N0500_R122_T31NEH_20221202T051220,105.07808996150776
192,2020-01-26,S2A_MSIL2A_20200126T100321_N0500_R122_T31NEH_20230429T154603,
192,2021-01-20,S2A_MSIL2A_20210120T100331_N0500_R122_T31NEH_20230603T115026,101.9105839719812
192,2021-12-21,S2B_MSIL2A_20211221T100329_N0500_R122_T31NEH_20221226T132339,125.2957331977219
192,2022-12-26,S2B_MSIL2A_20221226T100329_N0510_R122_T31NEH_20240803T090404,100.6851077849648
192,2023-01-10,S2A_MSIL2A_20230110T100401_N0510_R122_T31NEH_20240810T212703,63.108503307876525
192,2024-12-20,S2A_MSIL2A_20241220T100431_N0511_R122_T31NEH_20241220T144159,83.10731003080166
192,2025-01-24,S2B_MSIL2A_20250124T100219_N0511_R022_T31NEH_20250124T125425,
193,2017-05-21,S2A_MSIL2A_20170521T100031_N0500_R122_T31NFH_20230908T033050,
193,2018-01-01,S2B_MSIL2A_20180101T100409_N0500_R122_T31NEH_20230904T020713,88.21537904603152
193,2018-01-06,S2A_MSIL2A_20180106T100401_N0500_R122_T31NEH_20230802T011345,106.75430337103049
193,2019-01-06,S2B_MSIL2A_20190106T100409_N0500_R122_T31NEH_20221202T051220,104.86763283530512
193,2020-01-26,S2A_MSIL2A_20200126T100321_N0500_R122_T31NEH_20230429T154603,
193,2021-01-20,S2A_MSIL2A_20210120T100331_N0500_R122_T31NEH_20230603T115026,107.00281490508652
193,2021-12-21,S2B_MSIL2A_20211221T100329_N0500_R122_T31NEH_20221226T132339,121.1777535829359
193,2022-12-26,S2B_MSIL2A_20221226T100329_N0510_R122_T31NEH_20240803T090404,99.15103659589919
193,2023-01-10,S2A_MSIL2A_20230110T100401_N0510_R122_T31NEH_20240810T212703,52.74227747090132
193,2024-12-20,S2A_MSIL2A_20241220T100431_N0511_R122_T31NEH_20241220T144159,83.10144209886796
193,2025-01-24,S2B_MSIL2A_20250124T100219_N0511_R022_T31NEH_20250124T125425,
194,2017-05-21,S2A_MSIL2A_20170521T100031_N0500_R122_T31NFH_20230908T033050,
194,2018-01-01,S2B_MSIL2A_20180101T100409_N0500_R122_T31NEH_20230904T020713,89.04934091213224
194,2018-01-06,S2A_MSIL2A_20180106T100401_N0500_R122_T31NEH_20230802T011345,107.34207830124667
194,2019-01-06,S2B_MSIL2A_20190106T100409_N0500_R122_T31NEH_20221202T051220,105.80936242042182
194,2020-01-26,S2A_MSIL2A_20200126T100321_N0500_R122_T31NEH_20230429T154603,
194,2021-01-20,S2A_MSIL2A_20210120T100331_N0500_R122_T31NEH_20230603T115026,106.75848846487176
194,2021-12-21,S2B_MSIL2A_20211221T100329_N0500_R122_T31NEH_20221226T132339,118.21229764090947
194,2022-12-26,S2B_MSIL2A_20221226T100329_N0510_R122_T31NEH_20240803T090404,98.76913588807045
194,2023-01-10,S2A_MSIL2A_20230110T100401_N0510_R122_T31NEH_20240810T212703,43.5279060328393
194,2024-12-20,S2A_MSIL2A_20241220T100431_N0511_R122_T31NEH_20241220T144159,84.24768741310868
194,2025-01-24,S2B_MSIL2A_20250124T100219_N0511_R022_T31NEH_20250124T125425,
195,2017-05-21,S2A_MSIL2A_20170521T100031_N0500_R122_T31NFH_20230908T033050,
195,2018-01-01,S2B_MSIL2A_20180101T100409_N0500_R122_T31NEH_20230904T020713,90.40558141899737
195,2018-01-06,S2A_MSIL2A_20180106T100401_N0500_R122_T31NEH_20230802T011345,108.45210671270782
195,2019-01-06,S2B_MSIL2A_20190106T100409_N0500_R122_T31NEH_20221202T051220,107.27334495999602
195,2020-01-26,S2A_MSIL2A_20200126T100321_N0500_R122_T31NEH_20230429T154603,
195,2021-01-20,S2A_MSIL2A_20210120T100331_N0500_R122_T31NEH_20230603T115026,103.19379061969052
195,2021-12-21,S2B_MSIL2A_20211221T100329_N0500_R122_T31NEH_20221226T132339,115.76926688469206
195,2022-12-26,S2B_MSIL2A_20221226T100329_N0510_R122_T31NEH_20240803T090404,98.90949138635393
195,2023-01-10,S2A_MSIL2A_20230110T100401_N0510_R122_T31NEH_20240810T212703,
195,2024-12-20,S2A_MSIL2A_20241220T100431_N0511_R122_T31NEH_20241220T144159,85.91623325467151
195,2025-01-24,S2B_MSIL2A_20250124T100219_N0511_R022_T31NEH_20250124T125425,
196,2017-05-21,S2A_MSIL2A_20170521T100031_N0500_R122_T31NFH_20230908T033050,
196,2018-01-01,S2B_MSIL2A_20180101T100409_N0500_R122_T31NEH_20230904T020713,91.95065484767392
196,2018-01-06,S2A_MSIL2A_20180106T100401_N0500_R122_T31NEH_20230802T011345,109.75094531201141
196,2019-01-06,S2B_MSIL2A_20190106T100409_N0500_R122_T31NEH_20221202T051220,108.92613738568919
196,2020-01-26,S2A_MSIL2A_20200126T100321_N0500_R122_T31NEH_20230429T154603,
196,2021-01-20,S2A_MSIL2A_20210120T100331_N0500_R122_T31NEH_20230603T115026,99.81793353521289
196,2021-12-21,S2B_MSIL2A_20211221T100329_N0500_R122_T31NEH_20221226T132339,113.5150964138516
196,2022-12-26,S2B_MSIL2A_20221226T100329_N0510_R122_T31NEH_20240803T090404,99.23866535003152
196,2023-01-10,S2A_MSIL2A_20230110T100401_N0510_R122_T31NEH_20240810T212703,
196,2024-12-20,S2A_MSIL2A_20241220T100431_N0511_R122_T31NEH_20241220T144159,87.77362317357056
196,2025-01-24,S2B_MSIL2A_20250124T100219_N0511_R022_T31NEH_20250124T125425,
197,2017-05-21,S2A_MSIL2A_20170521T100031_N0500_R122_T31NFH_20230908T033050,
197,2018-01-01,S2B_MSIL2A_20180101T100409_N0500_R122_T31NEH_20230904T020713,93.05385536528883
197,2018-01-06,S2A_MSIL2A_20180106T100401_N0500_R122_T31NEH_20230802T011345,110.60784782555343
197,2019-01-06,S2B_MSIL2A_20190106T100409_N0500_R122_T31NEH_20221202T051220,110.13697760413669
197,2020-01-26,S2A_MSIL2A_20200126T100321_N0500_R122_T31NEH_20230429T154603,
197,2021-01-20,S2A_MSIL2A_20210120T100331_N0500_R122_T31NEH_20230603T115026,96.0000984139038
197,2021-12-21,S2B_MSIL2A_20211221T100329_N0500_R122_T31NEH_20221226T132339,110.81917720619734
197,2022-12-26,S2B_MSIL2A_20221226T100329_N0510_R122_T31NEH_20240803T090404,99.1259357959282
197,2023-01-10,S2A_MSIL2A_20230110T100401_N0510_R122_T31NEH_20240810T212703,
197,2024-12-20,S2A_MSIL2A_20241220T100431_N0511_R122_T31NEH_20241220T144159,89.18917301515395
197,2025-01-24,S2B_MSIL2A_20250124T100219_N0511_R022_T31NEH_20250124T125425,
198,2017-05-21,S2A_MSIL2A_20170521T100031_N0500_R122_T31NFH_20230908T033050,
198,2018-01-01,S2B_MSIL2A_20180101T100409_N0500_R122_T31NEH_20230904T020713,92.47929902254671
198,2018-01-06,S2A_MSIL2A_20180106T100401_N0500_R122_T31NEH_20230802T011345,109.78721678231183
198,2019-01-06,S2B_MSIL2A_20190106T100409_N0500_R122_T31NEH_20221202T051220,109.67026411493813
198,2020-01-26,S2A_MSIL2A_20200126T100321_N0500_R122_T31NEH_20230429T154603,
198,2021-01-20,S2A_MSIL2A_20210120T100331_N0500_R122_T31NEH_20230603T115026,90.50410686687222
198,2021-12-21,S2B_MSIL2A_20211221T100329_N0500_R122_T31NEH_20221226T132339,106.44568308407872
198,2022-12-26,S2B_MSIL2A_20221226T100329_N0510_R122_T31NEH_20240803T090404,97.33549509508944
198,2023-01-10,S2A_MSIL2A_20230110T100401_N0510_R122_T31NEH_20240810T212703,
198,2024-12-20,S2A_MSIL2A_20241220T100431_N0511_R122_T31NEH_20241220T144159,88.9269328952363
198,2025-01-24,S2B_MSIL2A_20250124T100219_N0511_R022_T31NEH_20250124T125425,
199,2017-05-21,S2A_MSIL2A_20170521T100031_N0500_R122_T31NFH_20230908T033050,
199,2018-01-01,S2B_MSIL2A_20180101T100409_N0500_R122_T31NEH_20230904T020713,89.21498964500813
199,2018-01-06,S2A_MSIL2A_20180106T100401_N0500_R122_T31NEH_20230802T011345,106.27751667724591
199,2019-01-06,S2B_MSIL2A_20190106T100409_N0500_R122_T31NEH_20221202T051220,106.51450070480162
199,2020-01-26,S2A_MSIL2A_20200126T100321_N0500_R122_T31NEH_20230429T154603,
199,2021-01-20,S2A_MSIL2A_20210120T100331_N0500_R122_T31NEH_20230603T115026,82.31703677995854
199,2021-12-21,S2B_MSIL2A_20211221T100329_N0500_R122_T31NEH_20221226T132339,99.38238275800926
199,2022-12-26,S2B_MSIL2A_20221226T100329_N0510_R122_T31NEH_20240803T090404,92.8553251263249
199,2023-01-10,S2A_MSIL2A_20230110T100401_N0510_R122_T31NEH_20240810T212703,
199,2024-12-20,S2A_MSIL2A_20241220T100431_N0511_R122_T31NEH_20241220T144159,85.97484028893932
199,2025-01-24,S2B_MSIL2A_20250124T100219_N0511_R022_T31NEH_20250124T125425,
200,2017-05-21,S2A_MSIL2A_20170521T100031_N0500_R122_T31NFH_20230908T033050,
200,2018-01-01,S2B_MSIL2A_20180101T100409_N0500_R122_T31NEH_20230904T020713,82.18426054515548
200,2018-01-06,S2A_MSIL2A_20180106T100401_N0500_R122_T31NEH_20230802T011345,99.00279362844941
200,2019-01-06,S2B_MSIL2A_20190106T100409_N0500_R122_T31NEH_20221202T051220,99.59385074360108
200,2020-01-26,S2A_MSIL2A_20200126T100321_N0500_R122_T31NEH_20230429T154603,
200,2021-01-20,S2A_MSIL2A_20210120T100331_N0500_R122_T31NEH_20230603T115026,70.36005336091114
200,2021-12-21,S2B_MSIL2A_20211221T100329_N0500_R122_T31NEH_20221226T132339,88.55174323308968
200,2022-12-26,S2B_MSIL2A_20221226T100329_N0510_R122_T31NEH_20240803T090404,84.60853546823434
200,2023-01-10,S2A_MSIL2A_20230110T100401_N0510_R122_T31NEH_20240810T212703,
200,2024-12-20,S2A_MSIL2A_20241220T100431_N0511_R122_T31NEH_20241220T144159,79.25617476979137
200,2025-01-24,S2B_MSIL2A_20250124T100219_N0511_R022_T31NEH_20250124T125425,
201,2017-05-21,S2A_MSIL2A_20170521T100031_N0500_R122_T31NFH_20230908T033050,
201,2018-01-01,S2B_MSIL2A_20180101T100409_N0500_R122_T31NEH_20230904T020713,70.35896485413822
201,2018-01-06,S2A_MSIL2A_20180106T100401_N0500_R122_T31NEH_20230802T011345,86.93536114815686
201,2019-01-06,S2B_MSIL2A_20190106T100409_N0500_R122_T31NEH_20221202T051220,87.88083803430834
201,2020-01-26,S2A_MSIL2A_20200126T100321_N0500_R122_T31NEH_20230429T154603,
201,2021-01-20,S2A_MSIL2A_20210120T100331_N0500_R122_T31NEH_20230603T115026,53.60192430286348
201,2021-12-21,S2B_MSIL2A_20211221T100329_N0500_R122_T31NEH_20221226T132339,72.92371006763638
201,2022-12-26,S2B_MSIL2A_20221226T100329_N0510_R122_T31NEH_20240803T090404,71.56642944658546
201,2023-01-10,S2A_MSIL2A_20230110T100401_N0510_R122_T31NEH_20240810T212703,
201,2024-12-20,S2A_MSIL2A_20241220T100431_N0511_R122_T31NEH_20241220T144159,67.74284064769533
201,2025-01-24,S2B_MSIL2A_20250124T100219_N0511_R022_T31NEH_20250124T125425,
202,2017-05-21,S2A_MSIL2A_20170521T100031_N0500_R122_T31NFH_20230908T033050,151.82483011315122
202,2018-01-01,S2B_MSIL2A_20180101T100409_N0500_R122_T31NEH_20230904T020713,66.40367132762591
202,2018-01-06,S2A_MSIL2A_20180106T100401_N0500_R122_T31NEH_20230802T011345,75.71369759469754
202,2019-01-06,S2B_MSIL2A_20190106T100409_N0500_R122_T31NEH_20221202T051220,81.44753931833559
202,2020-01-26,S2A_MSIL2A_20200126T100321_N0500_R122_T31NEH_20230429T154603,
202,2021-01-20,S2A_MSIL2A_20210120T100331_N0500_R122_T31NEH_20230603T115026,56.826119454423456
202,2021-12-21,S2B_MSIL2A_20211221T100329_N0500_R122_T31NEH_20221226T132339,78.73453687856079
202,2022-12-26,S2B_MSIL2A_20221226T100329_N0510_R122_T31NEH_20240803T090404,72.51763320002256
202,2023-01-10,S2A_MSIL2A_20230110T100401_N0510_R122_T31NEH_20240810T212703,
202,2024-12-20,S2A_MSIL2A_20241220T100431_N0511_R122_T31NEH_20241220T144159,60.84179217194568
202,2025-01-24,S2B_MSIL2A_20250124T100219_N0511_R022_T31NEH_20250124T125425,
203,2017-05-21,S2A_MSIL2A_20170521T100031_N0500_R122_T31NFH_20230908T033050,132.3246591118255
203,2018-01-01,S2B_MSIL2A_20180101T100409_N0500_R122_T31NEH_20230904T020713,66.30460857758202
203,2018-01-06,S2A_MSIL2A_20180106T100401_N0500_R122_T31NEH_20230802T011345,80.29878625614323
203,2019-01-06,S2B_MSIL2A_20190106T100409_N0500_R122_T31NEH_20221202T051220,89.6814127358895
203,2020-01-26,S2A_MSIL2A_20200126T100321_N0500_R122_T31NEH_20230429T154603,
203,2021-01-20,S2A_MSIL2A_20210120T100331_N0500_R122_T31NEH_20230603T115026,74.01566821489114
203,2021-12-21,S2B_MSIL2A_20211221T100329_N0500_R122_T31NEH_20221226T132339,88.14640261155063
203,2022-12-26,S2B_MSIL2A_20221226T100329_N0510_R122_T31NEH_20240803T090404,77.66547001619368
203,2023-01-10,S2A_MSIL2A_20230110T100401_N0510_R122_T31NEH_20240810T212703,54.87711749463535
203,2024-12-20,S2A_MSIL2A_20241220T100431_N0511_R122_T31NEH_20241220T144159,67.16841384736489
203,2025-01-24,S2B_MSIL2A_20250124T100219_N0511_R022_T31NEH_20250124T125425,
204,2017-05-21,S2A_MSIL2A_20170521T100031_N0500_R122_T31NFH_20230908T033050,107.90233095642647
204,2018-01-01,S2B_MSIL2A_20180101T100409_N0500_R122_T31NEH_20230904T020713,97.10439709189494
204,2018-01-06,S2A_MSIL2A_20180106T100401_N0500_R122_T31NEH_20230802T011345,79.97701388056062
204,2019-01-06,S2B_MSIL2A_20190106T100409_N0500_R122_T31NEH_20221202T051220,93.00822530386127
204,2020-01-26,S2A_MSIL2A_20200126T100321_N0500_R122_T31NEH_20230429T154603,
204,2021-01-20,S2A_MSIL2A_20210120T100331_N0500_R122_T31NEH_20230603T115026,106.74579327427479
204,2021-12-21,S2B_MSIL2A_20211221T100329_N0500_R122_T31NEH_20221226T132339,92.65047008468643
204,2022-12-26,S2B_MSIL2A_20221226T100329_N0510_R122_T31NEH_20240803T090404,78.9324147387966
204,2023-01-10,S2A_MSIL2A_20230110T100401_N0510_R122_T31NEH_20240810T212703,29.453272282063676
204,2024-12-20,S2A_MSIL2A_20241220T100431_N0511_R122_T31NEH_20241220T144159,68.58644237422139
204,2025-01-24,S2B_MSIL2A_20250124T100219_N0511_R022_T31NEH_20250124T125425,
205,2017-05-21,S2A_MSIL2A_20170521T100031_N0500_R122_T31NFH_20230908T033050,138.5644570466767
205,2018-01-01,S2B_MSIL2A_20180101T100409_N0500_R122_T31NEH_20230904T020713,104.00365765481183
205,2018-01-06,S2A_MSIL2A_20180106T100401_N0500_R122_T31NEH_20230802T011345,102.58948692540106
205,2019-01-06,S2B_MSIL2A_20190106T100409_N0500_R122_T31NEH_20221202T051220,131.23545697211497
205,2020-01-26,S2A_MSIL2A_20200126T100321_N0500_R122_T31NEH_20230429T154603,
205,2021-01-20,S2A_MSIL2A_20210120T100331_N0500_R122_T31NEH_20230603T115026,110.86173160174849
205,2021-12-21,S2B_MSIL2A_20211221T100329_N0500_R122_T31NEH_20221226T132339,146.0046205842102
205,2022-12-26,S2B_MSIL2A_20221226T100329_N0510_R122_T31NEH_20240803T090404,119.78033109256255
205,2023-01-10,S2A_MSIL2A_20230110T100401_N0510_R122_T31NEH_20240810T212703,29.787616092901768
205,2024-12-20,S2A_MSIL2A_20241220T100431_N0511_R122_T31NEH_20241220T144159,110.28512260692463
205,2025-01-24,S2B_MSIL2A_20250124T100219_N0511_R022_T31NEH_20250124T125425,
206,2017-05-21,S2A_MSIL2A_20170521T100031_N0500_R122_T31NFH_20230908T033050,127.96563282456484
206,2018-01-01,S2B_MSIL2A_20180101T100409_N0500_R122_T31NEH_20230904T020713,137.02089314599212
206,2018-01-06,S2A_MSIL2A_20180106T100401_N0500_R122_T31NEH_20230802T011345,136.1092479270233
206,2019-01-06,S2B_MSIL2A_20190106T100409_N0500_R122_T31NEH_20221202T051220,170.56326657679617
206,2020-01-26,S2A_MSIL2A_20200126T100321_N0500_R122_T31NEH_20230429T154603,
206,2021-01-20,S2A_MSIL2A_20210120T100331_N0500_R122_T31NEH_20230603T115026,150.63741517614164
206,2021-12-21,S2B_MSIL2A_20211221T100329_N0500_R122_T31NEH_20221226T132339,155.0616264134845
206,2022-12-26,S2B_MSIL2A_20221226T100329_N0510_R122_T31NEH_20240803T090404,151.5800911903663
206,2023-01-10,S2A_MSIL2A_20230110T100401_N0510_R122_T31NEH_20240810T212703,
206,2024-12-20,S2A_MSIL2A_20241220T100431_N0511_R122_T31NEH_20241220T144159,126.55384674229165
206,2025-01-24,S2B_MSIL2A_20250124T100219_N0511_R022_T31NEH_20250124T125425,
207,2017-05-21,S2A_MSIL2A_20170521T100031_N0500_R122_T31NFH_20230908T033050,114.70582768211278
207,2018-01-01,S2B_MSIL2A_20180101T100409_N0500_R122_T31NEH_20230904T020713,120.93580900986076
207,2018-01-06,S2A_MSIL2A_20180106T100401_N0500_R122_T31NEH_20230802T011345,122.15459726328577
207,2019-01-06,S2B_MSIL2A_20190106T100409_N0500_R122_T31NEH_20221202T051220,144.37409437983283
207,2020-01-26,S2A_MSIL2A_20200126T100321_N0500_R122_T31NEH_20230429T154603,
207,2021-01-20,S2A_MSIL2A_20210120T100331_N0500_R122_T31NEH_20230603T115026,119.96098838889597
207,2021-12-21,S2B_MSIL2A_20211221T100329_N0500_R122_T31NEH_20221226T132339,129.40721244248462
207,2022-12-26,S2B_MSIL2A_20221226T100329_N0510_R122_T31NEH_20240803T090404,115.74548628094983
207,2023-01-10,S2A_MSIL2A_20230110T100401_N0510_R122_T31NEH_20240810T212703,32.55878848306461
207,2024-12-20,S2A_MSIL2A_20241220T100431_N0511_R122_T31NEH_20241220T144159,109.31230038623642
207,2025-01-24,S2B_MSIL2A_20250124T100219_N0511_R022_T31NEH_20250124T125425,
208,2017-05-21,S2A_MSIL2A_20170521T100031_N0500_R122_T31NFH_20230908T033050,98.40520683450659
208,2018-01-01,S2B_MSIL2A_20180101T100409_N0500_R122_T31NEH_20230904T020713,101.80815193425764
208,2018-01-06,S2A_MSIL2A_20180106T100401_N0500_R122_T31NEH_20230802T011345,105.15914354032829
208,2019-01-06,S2B_MSIL2A_20190106T100409_N0500_R122_T31NEH_20221202T051220,115.04227031465254
208,2020-01-26,S2A_MSIL2A_20200126T100321_N0500_R122_T31NEH_20230429T154603,
208,2021-01-20,S2A_MSIL2A_20210120T100331_N0500_R122_T31NEH_20230603T115026,86.22431984440213
208,2021-12-21,S2B_MSIL2A_20211221T100329_N0500_R122_T31NEH_20221226T132339,100.70068702142811
208,2022-12-26,S2B_MSIL2A_20221226T100329_N0510_R122_T31NEH_20240803T090404,90.43783120490637
208,2023-01-10,S2A_MSIL2A_20230110T100401_N0510_R122_T31NEH_20240810T212703,88.28500110460624
208,2024-12-20,S2A_MSIL2A_20241220T100431_N0511_R122_T31NEH_20241220T144159,89.02628051511834
208,2025-01-24,S2B_MSIL2A_20250124T100219_N0511_R022_T31NEH_20250124T125425,
209,2017-05-21,S2A_MSIL2A_20170521T100031_N0500_R122_T31NFH_20230908T033050,126.24630868233119
209,2018-01-01,S2B_MSIL2A_20180101T100409_N0500_R122_T31NEH_20230904T020713,81.63634648412325
209,2018-01-06,S2A_MSIL2A_20180106T100401_N0500_R122_T31NEH_20230802T011345,96.88429340070608
209,2019-01-06,S2B_MSIL2A_20190106T100409_N0500_R122_T31NEH_20221202T051220,97.00453697461295
209,2020-01-26,S2A_MSIL2A_20200126T100321_N0500_R122_T31NEH_20230429T154603,
209,2021-01-20,S2A_MSIL2A_20210120T100331_N0500_R122_T31NEH_20230603T115026,48.91910622968164
209,2021-12-21,S2B_MSIL2A_20211221T100329_N0500_R122_T31NEH_20221226T132339,108.83462764026814
209,2022-12-26,S2B_MSIL2A_20221226T100329_N0510_R122_T31NEH_20240803T090404,85.82032850908078
209,2023-01-10,S2A_MSIL2A_20230110T100401_N0510_R122_T31NEH_20240810T212703,57.708454804441715
209,2024-12-20,S2A_MSIL2A_20241220T100431_N0511_R122_T31NEH_20241220T144159,83.56982414830912
209,2025-01-24,S2B_MSIL2A_20250124T100219_N0511_R022_T31NEH_20250124T125425,
210,2017-05-21,S2A_MSIL2A_20170521T100031_N0500_R122_T31NFH_20230908T033050,125.01561512228866
210,2018-01-01,S2B_MSIL2A_20180101T100409_N0500_R122_T31NEH_20230904T020713,124.06011353614365
210,2018-01-06,S2A_MSIL2A_20180106T100401_N0500_R122_T31NEH_20230802T011345,121.98464426628112
210,2019-01-06,S2B_MSIL2A_20190106T100409_N0500_R122_T31NEH_20221202T051220,134.61671288710474
210,2020-01-26,S2A_MSIL2A_20200126T100321_N0500_R122_T31NEH_20230429T154603,
210,2021-01-20,S2A_MSIL2A_20210120T100331_N0500_R122_T31NEH_20230603T115026,51.261387399563624
210,2021-12-21,S2B_MSIL2A_20211221T100329_N0500_R122_T31NEH_20221226T132339,127.88531615716666
210,2022-12-26,S2B_MSIL2A_20221226T100329_N0510_R122_T31NEH_20240803T090404,121.2588168716542
210,2023-01-10,S2A_MSIL2A_20230110T100401_N0510_R122_T31NEH_20240810T212703,40.83836058380786
210,2024-12-20,S2A_MSIL2A_20241220T100431_N0511_R122_T31NEH_20241220T144159,121.67196653985074
210,2025-01-24,S2B_MSIL2A_20250124T100219_N0511_R022_T31NEH_20250124T125425,
211,2017-05-21,S2A_MSIL2A_20170521T100031_N0500_R122_T31NFH_20230908T033050,71.87957469266026
211,2018-01-01,S2B_MSIL2A_20180101T100409_N0500_R122_T31NEH_20230904T020713,73.28813964642326
211,2018-01-06,S2A_MSIL2A_20180106T100401_N0500_R122_T31NEH_20230802T011345,72.30604588675929
211,2019-01-06,S2B_MSIL2A_20190106T100409_N0500_R122_T31NEH_20221202T051220,78.34502274439808
211,2020-01-26,S2A_MSIL2A_20200126T100321_N0500_R122_T31NEH_20230429T154603,
211,2021-01-20,S2A_MSIL2A_20210120T100331_N0500_R122_T31NEH_20230603T115026,66.45902341557498
211,2021-12-21,S2B_MSIL2A_20211221T100329_N0500_R122_T31NEH_20221226T132339,88.30998882019026
211,2022-12-26,S2B_MSIL2A_20221226T100329_N0510_R122_T31NEH_20240803T090404,75.54830000745525
211,2023-01-10,S2A_MSIL2A_20230110T100401_N0510_R122_T31NEH_20240810T212703,93.32256698244765
211,2024-12-20,S2A_MSIL2A_20241220T100431_N0511_R122_T31NEH_20241220T144159,73.70281749126622
211,2025-01-24,S2B_MSIL2A_20250124T100219_N0511_R022_T31NEH_20250124T125425,
212,2017-05-21,S2A_MSIL2A_20170521T100031_N0500_R122_T31NFH_20230908T033050,34.13598989179689
212,2018-01-01,S2B_MSIL2A_20180101T100409_N0500_R122_T31NEH_20230904T020713,70.84373443811265
212,2018-01-06,S2A_MSIL2A_20180106T100401_N0500_R122_T31NEH_20230802T011345,72.4853386782798
212,2019-01-06,S2B_MSIL2A_20190106T100409_N0500_R122_T31NEH_20221202T051220,102.04081180933547
212,2020-01-26,S2A_MSIL2A_20200126T100321_N0500_R122_T31NEH_20230429T154603,
212,2021-01-20,S2A_MSIL2A_20210120T100331_N0500_R122_T31NEH_20230603T115026,24.171896965923604
212,2021-12-21,S2B_MSIL2A_20211221T100329_N0500_R122_T31NEH_20221226T132339,117.72946691521679
212,2022-12-26,S2B_MSIL2A_20221226T100329_N0510_R122_T31NEH_20240803T090404,97.31326682452658
212,2023-01-10,S2A_MSIL2A_20230110T100401_N0510_R122_T31NEH_20240810T212703,59.69596049476186
212,2024-12-20,S2A_MSIL2A_20241220T100431_N0511_R122_T31NEH_20241220T144159,92.15681746672202
212,2025-01-24,S2B_MSIL2A_20250124T100219_N0511_R022_T31NEH_20250124T125425,
213,2017-05-21,S2A_MSIL2A_20170521T100031_N0500_R122_T31NFH_20230908T033050,44.159189756188724
213,2018-01-01,S2B_MSIL2A_20180101T100409_N0500_R122_T31NEH_20230904T020713,85.42189881820605
213,2018-01-06,S2A_MSIL2A_20180106T100401_N0500_R122_T31NEH_20230802T011345,87.63871018964699
213,2019-01-06,S2B_MSIL2A_20190106T100409_N0500_R122_T31NEH_20221202T051220,95.21885513089592
213,2020-01-26,S2A_MSIL2A_20200126T100321_N0500_R122_T31NEH_20230429T154603,
213,2021-01-20,S2A_MSIL2A_20210120T100331_N0500_R122_T31NEH_20230603T115026,
213,2021-12-21,S2B_MSIL2A_20211221T100329_N0500_R122_T31NEH_20221226T132339,83.0717406110761
213,2022-12-26,S2B_MSIL2A_20221226T100329_N0510_R122_T31NEH_20240803T090404,97.86334457933042
213,2023-01-10,S2A_MSIL2A_20230110T100401_N0510_R122_T31NEH_20240810T212703,22.57922082761683
213,2024-12-20,S2A_MSIL2A_20241220T100431_N0511_R122_T31NEH_20241220T144159,107.33538317863388
213,2025-01-24,S2B_MSIL2A_20250124T100219_N0511_R022_T31NEH_20250124T125425,
214,2017-05-21,S2A_MSIL2A_20170521T100031_N0500_R122_T31NFH_20230908T033050,51.502511373999056
214,2018-01-01,S2B_MSIL2A_20180101T100409_N0500_R122_T31NEH_20230904T020713,65.59664593597033
214,2018-01-06,S2A_MSIL2A_20180106T100401_N0500_R122_T31NEH_20230802T011345,82.64718012609379
214,2019-01-06,S2B_MSIL2A_20190106T100409_N0500_R122_T31NEH_20221202T051220,92.31984502718542
214,2020-01-26,S2A_MSIL2A_20200126T100321_N0500_R122_T31NEH_20230429T154603,
214,2021-01-20,S2A_MSIL2A_20210120T100331_N0500_R122_T31NEH_20230603T115026,87.369583701896
214,2021-12-21,S2B_MSIL2A_20211221T100329_N0500_R122_T31NEH_20221226T132339,
214,2022-12-26,S2B_MSIL2A_20221226T100329_N0510_R122_T31NEH_20240803T090404,78.04056797521318
214,2023-01-10,S2A_MSIL2A_20230110T100401_N0510_R122_T31NEH_20240810T212703,21.48436714217377
214,2024-12-20,S2A_MSIL2A_20241220T100431_N0511_R122_T31NEH_20241220T144159,83.08478322613189
214,2025-01-24,S2B_MSIL2A_20250124T100219_N0511_R022_T31NEH_20250124T125425,
215,2017-05-21,S2A_MSIL2A_20170521T100031_N0500_R122_T31NFH_20230908T033050,97.57155071440174
215,2018-01-01,S2B_MSIL2A_20180101T100409_N0500_R122_T31NEH_20230904T020713,100.83136502008851
215,2018-01-06,S2A_MSIL2A_20180106T100401_N0500_R122_T31NEH_20230802T011345,76.57922899394381
215,2019-01-06,S2B_MSIL2A_20190106T100409_N0500_R122_T31NEH_20221202T051220,125.13158201007604
215,2020-01-26,S2A_MSIL2A_20200126T100321_N0500_R122_T31NEH_20230429T154603,
215,2021-01-20,S2A_MSIL2A_20210120T100331_N0500_R122_T31NEH_20230603T115026,83.34330854476073
215,2021-12-21,S2B_MSIL2A_20211221T100329_N0500_R122_T31NEH_20221226T132339,
215,2022-12-26,S2B_MSIL2A_20221226T100329_N0510_R122_T31NEH_20240803T090404,103.91861885766197
215,2023-01-10,S2A_MSIL2A_20230110T100401_N0510_R122_T31NEH_20240810T212703,53.73733164896553
215,2024-12-20,S2A_MSIL2A_20241220T100431_N0511_R122_T31NEH_20241220T144159,135.1825563995063
215,2025-01-24,S2B_MSIL2A_20250124T100219_N0511_R022_T31NEH_20250124T125425,
216,2017-05-21,S2A_MSIL2A_20170521T100031_N0500_R122_T31NFH_20230908T033050,90.32159993363867
216,2018-01-01,S2B_MSIL2A_20180101T100409_N0500_R122_T31NEH_20230904T020713,89.20047940447265
216,2018-01-06,S2A_MSIL2A_20180106T100401_N0500_R122_T31NEH_20230802T011345,72.16597642466952
216,2019-01-06,S2B_MSIL2A_20190106T100409_N0500_R122_T31NEH_20221202T051220,130.05600170449148
216,2020-01-26,S2A_MSIL2A_20200126T100321_N0500_R122_T31NEH_20230429T154603,
216,2021-01-20,S2A_MSIL2A_20210120T100331_N0500_R122_T31NEH_20230603T115026,78.49026756033486
216,2021-12-21,S2B_MSIL2A_20211221T100329_N0500_R122_T31NEH_20221226T132339,
216,2022-12-26,S2B_MSIL2A_20221226T100329_N0510_R122_T31NEH_20240803T090404,149.80169085078015
216,2023-01-10,S2A_MSIL2A_20230110T100401_N0510_R122_T31NEH_20240810T212703,134.1389871988634
216,2024-12-20,S2A_MSIL2A_20241220T100431_N0511_R122_T31NEH_20241220T144159,192.32818222824557
216,2025-01-24,S2B_MSIL2A_20250124T100219_N0511_R022_T31NEH_20250124T125425,
217,2017-05-21,S2A_MSIL2A_20170521T100031_N0500_R122_T31NFH_20230908T033050,194.3414841266295
217,2018-01-01,S2B_MSIL2A_20180101T100409_N0500_R122_T31NEH_20230904T020713,80.8294330549755
217,2018-01-06,S2A_MSIL2A_20180106T100401_N0500_R122_T31NEH_20230802T011345,71.00942524703981
217,2019-01-06,S2B_MSIL2A_20190106T100409_N0500_R122_T31NEH_20221202T051220,133.1337769347076
217,2020-01-26,S2A_MSIL2A_20200126T100321_N0500_R122_T31NEH_20230429T154603,
217,2021-01-20,S2A_MSIL2A_20210120T100331_N0500_R122_T31NEH_20230603T115026,76.89419949352681
217,2021-12-21,S2B_MSIL2A_20211221T100329_N0500_R122_T31NEH_20221226T132339,
217,2022-12-26,S2B_MSIL2A_20221226T100329_N0510_R122_T31NEH_20240803T090404,192.56881298722897
217,2023-01-10,S2A_MSIL2A_20230110T100401_N0510_R122_T31NEH_20240810T212703,130.0811532208132
217,2024-12-20,S2A_MSIL2A_20241220T100431_N0511_R122_T31NEH_20241220T144159,197.1182455734706
217,2025-01-24,S2B_MSIL2A_20250124T100219_N0511_R022_T31NEH_20250124T125425,
218,2017-05-21,S2A_MSIL2A_20170521T100031_N0500_R122_T31NFH_20230908T033050,214.23328493690272
218,2018-01-01,S2B_MSIL2A_20180101T100409_N0500_R122_T31NEH_20230904T020713,77.31062088731206
218,2018-01-06,S2A_MSIL2A_20180106T100401_N0500_R122_T31NEH_20230802T011345,74.70215313121834
218,2019-01-06,S2B_MSIL2A_20190106T100409_N0500_R122_T31NEH_20221202T051220,141.06890068663216
218,2020-01-26,S2A_MSIL2A_20200126T100321_N0500_R122_T31NEH_20230429T154603,
218,2021-01-20,S2A_MSIL2A_20210120T100331_N0500_R122_T31NEH_20230603T115026,80.1480029785586
218,2021-12-21,S2B_MSIL2A_20211221T100329_N0500_R122_T31NEH_20221226T132339,
218,2022-12-26,S2B_MSIL2A_20221226T100329_N0510_R122_T31NEH_20240803T090404,197.54540267455036
218,2023-01-10,S2A_MSIL2A_20230110T100401_N0510_R122_T31NEH_20240810T212703,101.05594233403399
218,2024-12-20,S2A_MSIL2A_20241220T100431_N0511_R122_T31NEH_20241220T144159,239.95257602819032
218,2025-01-24,S2B_MSIL2A_20250124T100219_N0511_R022_T31NEH_20250124T125425,
219,2017-05-21,S2A_MSIL2A_20170521T100031_N0500_R122_T31NFH_20230908T033050,234.04268189688915
219,2018-01-01,S2B_MSIL2A_20180101T100409_N0500_R122_T31NEH_20230904T020713,122.59112618574896
219,2018-01-06,S2A_MSIL2A_20180106T100401_N0500_R122_T31NEH_20230802T011345,122.59112618586471
219,2019-01-06,S2B_MSIL2A_20190106T100409_N0500_R122_T31NEH_20221202T051220,126.12341368226664
219,2020-01-26,S2A_MSIL2A_20200126T100321_N0500_R122_T31NEH_20230429T154603,
219,2021-01-20,S2A_MSIL2A_20210120T100331_N0500_R122_T31NEH_20230603T115026,135.98536924172615
219,2021-12-21,S2B_MSIL2A_20211221T100329_N0500_R122_T31NEH_20221226T132339,
219,2022-12-26,S2B_MSIL2A_20221226T100329_N0510_R122_T31NEH_20240803T090404,223.16245369913585
219,2023-01-10,S2A_MSIL2A_20230110T100401_N0510_R122_T31NEH_20240810T212703,143.91766786580976
219,2024-12-20,S2A_MSIL2A_20241220T100431_N0511_R122_T31NEH_20241220T144159,227.70932374068255
219,2025-01-24,S2B_MSIL2A_20250124T100219_N0511_R022_T31NEH_20250124T125425,
220,2017-05-21,S2A_MSIL2A_20170521T100031_N0500_R122_T31NFH_20230908T033050,222.8760181513025
220,2018-01-01,S2B_MSIL2A_20180101T100409_N0500_R122_T31NEH_20230904T020713,73.81212953497942
220,2018-01-06,S2A_MSIL2A_20180106T100401_N0500_R122_T31NEH_20230802T011345,73.81212953509537
220,2019-01-06,S2B_MSIL2A_20190106T100409_N0500_R122_T31NEH_20221202T051220,84.97146464465776
220,2020-01-26,S2A_MSIL2A_20200126T100321_N0500_R122_T31NEH_20230429T154603,
220,2021-01-20,S2A_MSIL2A_20210120T100331_N0500_R122_T31NEH_20230603T115026,108.72800680704508
220,2021-12-21,S2B_MSIL2A_20211221T100329_N0500_R122_T31NEH_20221226T132339,
220,2022-12-26,S2B_MSIL2A_20221226T100329_N0510_R122_T31NEH_20240803T090404,174.2150019900679
220,2023-01-10,S2A_MSIL2A_20230110T100401_N0510_R122_T31NEH_20240810T212703,103.79236600002027
220,2024-12-20,S2A_MSIL2A_20241220T100431_N0511_R122_T31NEH_20241220T144159,185.87489561547108
220,2025-01-24,S2B_MSIL2A_20250124T100219_N0511_R022_T31NEH_20250124T125425,
221,2017-05-21,S2A_MSIL2A_20170521T100031_N0500_R122_T31NFH_20230908T033050,238.90386596379628
221,2018-01-01,S2B_MSIL2A_20180101T100409_N0500_R122_T31NEH_20230904T020713,34.64277459240461
221,2018-01-06,S2A_MSIL2A_20180106T100401_N0500_R122_T31NEH_20230802T011345,34.64277459240461
221,2019-01-06,S2B_MSIL2A_20190106T100409_N0500_R122_T31NEH_20221202T051220,53.38392750154624
221,2020-01-26,S2A_MSIL2A_20200126T100321_N0500_R122_T31NEH_20230429T154603,
221,2021-01-20,S2A_MSIL2A_20210120T100331_N0500_R122_T31NEH_20230603T115026,90.97795161832998
221,2021-12-21,S2B_MSIL2A_20211221T100329_N0500_R122_T31NEH_20221226T132339,
221,2022-12-26,S2B_MSIL2A_20221226T100329_N0510_R122_T31NEH_20240803T090404,134.88590886411515
221,2023-01-10,S2A_MSIL2A_20230110T100401_N0510_R122_T31NEH_20240810T212703,73.22833983857403
221,2024-12-20,S2A_MSIL2A_20241220T100431_N0511_R122_T31NEH_20241220T144159,153.62062966954602
221,2025-01-24,S2B_MSIL2A_20250124T100219_N0511_R022_T31NEH_20250124T125425,
